"Species","SpecimenID","Sex","Mass..g.","L.Tarsus","W.Tarsus","D.Tarsus","L.Midtoe","W.Midtoe.P1","L.Midtoe.Claw","L.Hallux","W.Hallux.P1","L.Hallux.Claw","Measurer","Habitat","Foraging.Score","Scratching","Locomotion","Singing.Score","Nesting.Score","Parasite","PC1","PC2","PC3"
"Agelaioides_badius",14908,"M",NA,24.17,1.73,3.21,15.79,1.56,7.38,6.58,2.38,9.11,"KR","Woodland",3,NA,NA,NA,5,0,-0.475856913072105,-0.246719742082761,0.143637816605085
"Agelaius_phoeniceus",27592,"F",NA,25.69,1.56,2.89,17.04,1.71,7.23,9.72,2.7,9.82,"KR","Wetland",2,NA,"Walk",5,3,0,-0.272349042455267,-0.107382088671728,0.167413171117625
"Agelaius_phoeniceus",27594,"F",NA,27.46,1.67,2.8,17.44,1.57,7.48,10.21,2.3,10.27,"KR","Wetland",2,NA,"Walk",5,3,0,-0.265264594302663,0.0724998877358782,0.150086853306273
"Agelaius_phoeniceus",13674,"F",NA,25.45,1.56,2.81,18.65,1.63,8.31,8.82,2.73,9.12,"KR","Wetland",2,NA,"Walk",5,3,0,-0.282291374236266,-0.142549297479023,0.28448677572664
"Agelaius_phoeniceus",13685,"F",NA,26.77,1.94,3.11,17.6,1.78,7.98,7.39,1.76,10.16,"KR","Wetland",2,NA,"Walk",5,3,0,-0.319538898587112,0.0663862428337342,-0.00569292163527314
"Agelaius_phoeniceus",27598,"M",NA,28.11,1.82,3.38,19.69,1.77,8.25,10.79,2.09,10.47,"KR","Wetland",2,NA,"Walk",5,3,0,-0.0547889566357887,0.13870284909846,0.0534591903007626
"Agelaius_phoeniceus",13681,"M",NA,28.85,1.85,3.47,18.82,1.71,8.21,9.73,2.19,10.55,"KR","Wetland",2,NA,"Walk",5,3,0,-0.0804578682317684,0.056734015297078,0.0854542496053673
"Agelaius_phoeniceus",27593,"M",NA,27.98,1.83,3.17,18.82,1.75,7.89,11.66,2.25,9.51,"KR","Wetland",2,NA,"Walk",5,3,0,-0.0943084933285045,0.0863370890714115,0.0236969948739471
"Agelaius_phoeniceus",27591,"M",NA,29.45,1.87,3.6,19.46,1.89,9.28,12.6,2.82,11.96,"KR","Wetland",2,NA,"Walk",5,3,0,0.235071973190935,0.00427857219734631,0.172293886940786
"Agelaius_phoeniceus",38381,"M",NA,28.05,1.73,3.66,18.99,1.9,8.91,9.17,2.54,11.79,"KR","Wetland",2,NA,"Walk",5,3,0,0.0340921788711839,-0.0595102882904244,0.192943852223348
"Agelaius_phoeniceus",13444,"F",NA,25.24,1.73,2.89,18.3,1.65,8.11,9.94,2.77,9.35,"KR","Wetland",2,NA,"Walk",5,3,0,-0.198657815181961,-0.12925685024664,0.198963831067521
"Agelaius_tricolor",35809,"M",NA,28.02,1.74,3.5,18.49,2.02,7.36,10.73,2.68,9.29,"TI","Wetland",2,NA,"Walk",5,3,0,-0.0387545029333369,-0.123944845463568,-0.00357050692413578
"Agelaius_xanthomus",16729,"M",NA,25.1,1.54,2.97,15.74,1.76,6.82,7.48,1.82,8.47,"TI","Wetland",4,NA,"Walk",4,4,0,-0.571084170854657,0.00326369904484139,-0.0244610959174816
"Agelaius_xanthomus",16759,"F",NA,23.84,1.52,2.84,15.3,1.59,6.8,8.06,1.84,8.43,"TI","Wetland",4,NA,"Walk",4,4,0,-0.626714398922671,0.0362650039024881,0.0177858790880633
"Agelasticus_cyanopus",11944,"F",NA,24.63,1.76,3.14,16.02,1.76,7.82,7.19,2.62,10.1,"KR","Wetland",1,NA,NA,NA,2,0,-0.311370902968955,-0.261763546307297,0.160232900903086
"Agelasticus_cyanopus",11933,"M",NA,29.1,1.96,3.08,17.48,1.63,8.36,8.48,2.31,11.36,"KR","Wetland",1,NA,NA,NA,2,0,-0.142248792244446,-0.0144378665034085,0.161098878296289
"Amblycercus_holosericeus",16756,"M",NA,32.77,2.48,3.78,19.78,1.98,8.8,14.76,2.63,11.74,"KR","Forest",5,NA,NA,NA,5,0,0.410301525201784,0.0682624062403434,-0.0691254042140547
"Amblyramphus_holosericeus",11909,"F",NA,29.6,2.48,3.83,20.34,1.93,9.51,9.14,3.04,11.47,"KR","Wetland",4,NA,NA,NA,2,0,0.275370899693868,-0.255558291912622,0.115703875594248
"Amblyramphus_holosericeus",14905,"M",NA,29.26,1.89,3.77,22.07,2.42,8.58,9.35,3.98,11.83,"KR","Wetland",4,NA,NA,NA,2,0,0.355015663625487,-0.412107339966973,0.203873018275486
"Cacicus_cela",17124,"M",NA,34.25,2.51,4.31,21.11,2.28,10.23,12.02,3.2,11.34,"","Forest",4,NA,NA,4,5,0,0.567950246115534,-0.194180955435162,0.0250935054061383
"Dolichonyx_oryzivorus",14542,"F",NA,27.13,1.5,2.61,18.71,1.4,8.6,9.58,1.6,11.55,"TSI","Grassland",4,NA,"Walk",5,1,0,-0.389114227197239,0.422871282349552,0.260471499780311
"Dolichonyx_oryzivorus",14543,"F",NA,25.01,1.49,2.47,19.59,1.57,8.21,7.54,1.91,10.38,"TSI","Grassland",4,NA,"Walk",5,1,0,-0.461834382481403,0.140740758946305,0.281737395495908
"Dolichonyx_oryzivorus",14544,"F",NA,26.19,1.44,2.37,18.48,1.57,9.97,10.78,1.48,11.42,"TSI","Grassland",4,NA,"Walk",5,1,0,-0.351982438536723,0.528315153935934,0.25921528572577
"Dolichonyx_oryzivorus",12276,"F",NA,25.75,1.3,2.36,18.53,1.33,8.83,9.98,1.69,10.98,"TSI","Grassland",4,NA,"Walk",5,1,0,-0.486256549074216,0.425901218066325,0.377932795885409
"Dolichonyx_oryzivorus",27577,"F",NA,24.67,1.36,2.43,17.54,1.36,8.4,9.61,1.3,11.08,"TSI","Grassland",4,NA,"Walk",5,1,0,-0.59243911183737,0.569828776276026,0.217638827231438
"Dolichonyx_oryzivorus",1319,"M",NA,26.75,1.33,2.45,15,1.35,8.73,9.91,1.83,9.71,"TSI","Grassland",4,NA,"Walk",5,1,0,-0.547924954028824,0.276543209247474,0.306714025694604
"Dolichonyx_oryzivorus",1320,"M",NA,26.09,1.68,2.79,19.26,1.44,7.37,12.45,1.99,10.63,"TSI","Grassland",4,NA,"Walk",5,1,0,-0.244543951151772,0.298256830554881,0.11861839516023
"Dolichonyx_oryzivorus",13441,"M",NA,25.77,1.6,2.8,18.47,1.51,7.39,9.52,1.85,11.15,"TSI","Grassland",4,NA,"Walk",5,1,0,-0.358409656105195,0.244747559626394,0.146305530230872
"Dolichonyx_oryzivorus",3210,"M",NA,27.32,1.44,2.8,20.5,1.31,8,10.11,2.2,13.17,"TSI","Grassland",4,NA,"Walk",5,1,0,-0.229678685658424,0.271365542924793,0.420844967976288
"Dolichonyx_oryzivorus",26734,"M",NA,24.81,1.58,2.56,19.29,1.46,9.2,11.32,1.64,11.66,"TSI","Grassland",4,NA,"Walk",5,1,0,-0.29505437949298,0.45494735255442,0.236502355443061
"Euphagus_carolinus",21948,"M",NA,23.45,1.77,3.09,19.36,1.43,6.37,8.33,2.84,9.61,"KR","Forest",2,NA,"Walk",5,3,0,-0.342215196179026,-0.217622079035792,0.18031773001457
"Euphagus_carolinus",22924,"M",NA,30.45,1.71,2.58,22.08,1.38,7.4,9.54,1.31,9.82,"KR","Forest",2,NA,"Walk",5,3,0,-0.422128102603473,0.551104110232545,0.0549027930385736
"Euphagus_cyanocephalus",32526,"F",NA,29.27,1.56,3.31,19.78,1.43,6.49,8.77,2.11,9.22,"KR","Generalist",2,NA,"Walk",3,3,0,-0.356211732586758,0.07479014651161,0.121361387486023
"Euphagus_cyanocephalus",32549,"F",NA,28.73,1.55,2.86,19.51,1.54,6.78,7.95,1.62,10.2,"KR","Generalist",2,NA,"Walk",3,3,0,-0.457387893750669,0.269818245459621,0.0814331902164038
"Euphagus_cyanocephalus",30461,"F",NA,27.6,1.84,2.91,17.91,1.38,6.17,7.71,1.72,9.67,"KR","Generalist",2,NA,"Walk",3,3,0,-0.519385369856774,0.149519067644511,-0.00165567862232257
"Euphagus_cyanocephalus",30462,"F",NA,29.06,1.67,2.93,17.65,1.54,7.12,7.22,2.04,9.47,"KR","Generalist",2,NA,"Walk",3,3,0,-0.431860369987698,0.000180120467254498,0.130051863706103
"Euphagus_cyanocephalus",30463,"F",NA,27.48,1.88,3.37,18.03,1.75,7.23,9.07,1.67,9.94,"KR","Generalist",2,NA,"Walk",3,3,0,-0.274247013731815,0.186076986552918,-0.103111621233223
"Euphagus_cyanocephalus",32559,"M",NA,31.18,1.71,3.11,19.99,1.2,6.82,8.46,2.12,9.15,"KR","Generalist",2,NA,"Walk",3,3,0,-0.38195038048313,0.0932822802491272,0.208307856872327
"Euphagus_cyanocephalus",32561,"M",NA,31.27,1.81,3.13,19.88,1.46,7.57,8.91,1.84,11.64,"KR","Generalist",2,NA,"Walk",3,3,0,-0.203731479043763,0.251422400636623,0.140435466360521
"Euphagus_cyanocephalus",32528,"M",NA,30.96,1.75,3.73,20.33,1.58,7.49,10.2,2.12,10,"KR","Generalist",2,NA,"Walk",3,3,0,-0.0903004950678207,0.122615305139417,0.0737230192941047
"Euphagus_cyanocephalus",32524,"M",NA,31.73,1.81,3.41,19.31,1.59,6.78,9.03,1.97,10.1,"KR","Generalist",2,NA,"Walk",3,3,0,-0.208684474645183,0.126505874016721,0.0100084391628646
"Euphagus_cyanocephalus",32525,"M",NA,31.07,1.73,3.53,21.96,1.8,7.32,8.76,2.18,7.75,"KR","Generalist",2,NA,"Walk",3,3,0,-0.177737332158266,-0.0337969364614024,0.00189938165999938
"Icterus_bullockii",21114,"F",NA,23.89,1.7,3.1,15.25,1.72,6.13,7.05,2.7,7.04,"KR","Forest",5,NA,"Hop",4,5,0,-0.560247773884934,-0.414903461775191,-0.0227192602367732
"Icterus_bullockii",37450,"F",30,24.01,2.01,2.94,16.43,1.49,6.77,6.93,1.78,7.33,"KR","Forest",5,NA,"Hop",4,5,0,-0.632800671776212,-0.0764537877303425,-0.0972315115526094
"Icterus_bullockii",27741,"F",NA,23.66,1.54,2.59,15.06,1.55,6.45,9.95,1.76,7.41,"KR","Forest",5,NA,"Hop",4,5,0,-0.672164902928961,0.128811199565405,-0.0785263724514322
"Icterus_bullockii",23712,"F",NA,23.33,1.79,2.62,15.89,1.7,6.86,9.41,2.37,7.29,"KR","Forest",5,NA,"Hop",4,5,0,-0.490626621695797,-0.157575758929148,-0.0399741803182693
"Icterus_bullockii",23711,"F",NA,23.39,1.57,3.02,14.66,1.71,6.5,8.25,1.82,7.29,"KR","Forest",5,NA,"Hop",4,5,0,-0.651574386352897,-0.0328392500266626,-0.120489058342389
"Icterus_bullockii",22761,"M",NA,22.65,2.27,2.92,16.6,1.52,6.48,8.13,2.34,7.66,"KR","Forest",5,NA,"Hop",4,5,0,-0.466871355962349,-0.237888157986871,-0.103087751108479
"Icterus_bullockii",22762,"M",NA,23.67,1.48,2.85,16.36,1.61,6.97,9.97,2.21,7.69,"KR","Forest",5,NA,"Hop",4,5,0,-0.504204355053458,-0.0234992219051038,0.0523492026766223
"Icterus_bullockii",23710,"M",NA,23.39,2.09,2.84,15.7,1.86,6.88,8.23,3.28,7.6,"KR","Forest",5,NA,"Hop",4,5,0,-0.319810368886697,-0.504536041366456,-0.0164400767690656
"Icterus_bullockii",46931,"M",35.9,23.38,1.68,3.05,15.97,1.9,6.67,10.19,2.5,8.08,"KR","Forest",5,NA,"Hop",4,5,0,-0.348288114634024,-0.165127418416484,-0.0710207073093243
"Icterus_bullockii",38591,"M",37.9,24.15,1.63,3.08,16.07,1.51,6.1,6.82,2.27,7.42,"KR","Forest",5,NA,"Hop",4,5,0,-0.645604746574163,-0.238995062390174,0.0248091451503419
"Icterus_cayanensis",11968,"F",NA,22.18,1.78,3.18,15.75,1.51,6.08,7.43,2.06,7.43,"KR","Forest",4,NA,NA,NA,5,0,-0.643156471222926,-0.173213375667176,-0.081608539035998
"Icterus_cayanensis",11967,"M",NA,23.78,1.93,2.81,14.77,1.41,6.11,8.17,1.89,7.98,"KR","Forest",4,NA,NA,NA,5,0,-0.648786858065345,-0.030691570541328,-0.102697926578229
"Icterus_cayanensis",11969,"M",NA,24.82,1.74,3.16,15.49,1.43,5.77,7.57,1.94,7.46,"KR","Forest",4,NA,NA,NA,5,0,-0.66541598667732,-0.0885375068747623,-0.093194126318092
"Icterus_chrysater",16010,"M",NA,24.78,2.11,3.4,15.5,2.01,5.36,8.85,1.9,8.63,"TI","Woodland",4,NA,NA,NA,5,0,-0.386284873557807,-0.0751156122563789,-0.39324053898853
"Icterus_chrysater",16012,"M",NA,25.82,2.29,3.43,15.61,1.89,7.31,8.46,2.52,8.87,"TI","Woodland",4,NA,NA,NA,5,0,-0.187753437095303,-0.28041375086898,-0.127259803494113
"Icterus_chrysater",16013,"M",NA,24.88,2.15,3.28,16,1.81,7.15,9.02,2.11,8.67,"TI","Woodland",4,NA,NA,NA,5,0,-0.287609939569477,-0.103773525192539,-0.159457634538985
"Icterus_chrysater",36428,"M",NA,24.44,2.09,3.05,14.1,1.54,7.23,8.05,1.86,8.2,"TI","Woodland",4,NA,NA,NA,5,0,-0.521018118310515,-0.0576435946014602,-0.115814264878872
"Icterus_croconotus",15113,"F",NA,26.47,1.92,3.48,16.75,2.05,6.07,8.74,1.9,7.95,"KR","Woodland",4,NA,NA,NA,5,0,-0.345911761567249,-0.0597062826125696,-0.301672884372222
"Icterus_croconotus",15112,"M",NA,28.43,2.53,3.03,17.15,2.23,7.23,9.24,2.32,9.61,"KR","Woodland",4,NA,NA,NA,5,0,-0.0440335027014492,-0.147206416520907,-0.239831313076692
"Icterus_croconotus",15111,"M",NA,25.75,2.22,3.97,18.46,2.07,7.28,8.87,2.33,10.11,"KR","Woodland",4,NA,NA,NA,5,0,-0.0215624192986827,-0.162529854972412,-0.154277898239204
"Icterus_cucullatus",21578,"F",NA,22.43,1.26,2.36,14.32,1.39,6.82,7.67,1.83,7.72,"KR","Woodland",3,NA,"Hop",3,5,0,-0.887696159815493,0.0576299047327758,0.17231021894325
"Icterus_cucullatus",21577,"F",NA,22.33,1.39,2.58,13.5,1.4,6.56,7.31,1.87,7.26,"KR","Woodland",3,NA,"Hop",3,5,0,-0.889870275791561,-0.0467042897225765,0.0769638639480851
"Icterus_cucullatus",21582,"M",NA,23.19,1.54,2.71,15.02,1.34,6.51,8.01,1.6,7.25,"KR","Woodland",3,NA,"Hop",3,5,0,-0.823388423901622,0.116437550861722,-0.0144103561358103
"Icterus_cucullatus",21581,"M",NA,23.37,1.36,2.39,13.79,1.46,6.01,6.82,1.59,7.24,"KR","Woodland",3,NA,"Hop",3,5,0,-0.985373956297948,0.0637395316406,-0.00434630699955471
"Icterus_cucullatus",21580,"M",NA,21.89,1.34,2.5,15.76,1.18,6.88,6.88,2.32,7.47,"KR","Woodland",3,NA,"Hop",3,5,0,-0.854966820778434,-0.152805563449309,0.33091434246333
"Icterus_cucullatus",21579,"M",NA,21.64,1.53,2.35,14.54,1.57,6.39,6.19,1.76,7.33,"KR","Woodland",3,NA,"Hop",3,5,0,-0.91539210500859,-0.0826099196794612,0.00480612430413273
"Icterus_cucullatus",21575,"M",NA,20.95,1.34,2.16,14.37,1.05,5.85,7.37,1.61,7.24,"KR","Woodland",3,NA,"Hop",3,5,0,-1.13909594896413,0.149172913752072,0.157368660401247
"Icterus_galbula",44862,"F",44,24.18,1.96,2.82,14.43,1.55,6.11,8.02,2.34,7.18,"KR","Forest",4,NA,"Hop",4,5,0,-0.591185297214193,-0.251270038136845,-0.10585801769341
"Icterus_galbula",4709,"M",NA,22.03,1.53,2.8,13.8,1.42,6.53,8.03,1.74,7.29,"KR","Forest",4,NA,"Hop",4,5,0,-0.813018757393184,0.0149678496487414,-0.0299978660648548
"Icterus_galbula",44757,"M",35.5,22.54,1.54,2.77,15.03,1.38,6.77,9.35,2.27,7.37,"KR","Forest",4,NA,"Hop",4,5,0,-0.639261536454168,-0.0878824054847565,0.0895133336326732
"Icterus_graduacauda",25870,"F",NA,26.54,1.82,3.28,16.45,1.79,7.67,8.73,2.36,8.26,"KR","Forest",3,NA,"Hop",4,5,0,-0.285366880433099,-0.160356952077777,0.00105910123899046
"Icterus_graduacauda",24158,"F",NA,25.54,1.74,3.45,17.1,1.89,7.22,10.23,2.73,8.53,"KR","Forest",3,NA,"Hop",4,5,0,-0.172339113235383,-0.204477796790593,-0.00461487306232028
"Icterus_graduacauda",16490,"F",NA,26.43,1.83,3.46,17.31,1.85,7.4,8.47,2.91,8.27,"KR","Forest",3,NA,"Hop",4,5,0,-0.195764692405054,-0.336666464528191,0.0473178319572076
"Icterus_graduacauda",5665,"F",NA,27,2,3.23,17.25,1.69,7.73,8.72,2.57,8.59,"KR","Forest",3,NA,"Hop",4,5,0,-0.21668195065373,-0.205076355245292,0.0420964270914548
"Icterus_graduacauda",22588,"M",NA,25.4,1.93,3.53,16.58,1.76,7.66,8.77,3.23,8.38,"KR","Forest",3,NA,"Hop",4,5,0,-0.15979189111851,-0.416248501962452,0.0850087184808109
"Icterus_graduacauda",27730,"M",NA,25.56,1.92,3.38,16.98,1.53,7.46,7.79,2.67,8.26,"KR","Forest",3,NA,"Hop",4,5,0,-0.325209121958217,-0.290482723084179,0.101936951463512
"Icterus_graduacauda",5664,"M",NA,26.83,1.97,3.53,15.88,2.02,8.22,10.09,2.88,9.43,"KR","Forest",3,NA,"Hop",4,5,0,-0.0255497316710235,-0.259308613013627,0.00239776246859729
"Icterus_gularis",16042,"F",NA,27.36,1.95,3.97,19.42,2.09,9.21,8.9,2.98,9.17,"KR","Woodland",3,NA,NA,NA,5,0,0.0930392451288307,-0.318471072335805,0.0953153075892818
"Icterus_gularis",16040,"M",NA,26.68,2.37,3.8,19.07,1.69,7.65,9.23,2.73,8.37,"KR","Woodland",3,NA,NA,NA,5,0,-0.0511127523124989,-0.275802608311083,-0.04732227907556
"Icterus_gularis",16024,"M",NA,27.72,2.21,4.06,18.5,2.48,8.19,8.93,3.19,8.97,"KR","Woodland",3,NA,NA,NA,5,0,0.164806637742014,-0.444514419927749,-0.0978228674709706
"Icterus_nigrogularis",156249,"M",NA,25.09,1.88,3.19,15.19,1.82,7.1,9,2.25,7.34,"TI","Woodland",NA,NA,NA,NA,5,0,-0.394509962858585,-0.182668050818584,-0.127277204370491
"Icterus_parisorum",5076,"F",NA,24.02,2.1,2.67,15.16,1.71,6.51,7.71,1.85,8.18,"TI","Shrubland",3,NA,"Hop",5,5,0,-0.557558011825053,-0.0623101356207034,-0.17848244035838
"Icterus_parisorum",5074,"M",NA,26.72,2.43,3.07,14.96,1.88,5.99,8.24,2.15,7.8,"TI","Shrubland",3,NA,"Hop",5,5,0,-0.373990247003504,-0.214438708088083,-0.326300243857698
"Icterus_parisorum",23257,"M",NA,21.28,1.68,2.53,14.68,1.54,5.73,8.13,2.25,7.26,"TI","Shrubland",3,NA,"Hop",5,5,0,-0.739280456613846,-0.188221214845713,-0.059396250753078
"Icterus_parisorum",23258,"M",NA,23.71,1.54,2.76,15.32,1.79,6.64,10.07,2.11,8.11,"TI","Shrubland",3,NA,"Hop",5,5,0,-0.495268316497215,-0.00472158477914129,-0.0527695401628264
"Icterus_parisorum",23259,"M",NA,21.34,2.21,2.67,14.53,1.7,5.27,7.38,2.3,7.08,"TI","Shrubland",3,NA,"Hop",5,5,0,-0.663601365125118,-0.336592111154584,-0.268795230692357
"Icterus_pectoralis",16022,"M",NA,26.22,1.63,3.42,18.15,1.89,8.16,9.14,2.79,9.35,"KR","Woodland",4,NA,NA,NA,5,0,-0.128706127658524,-0.203413665556985,0.153947577095596
"Icterus_pectoralis",16023,"M",NA,28.38,1.67,3.15,16.96,1.68,7.71,8.05,3.13,7.24,"KR","Woodland",4,NA,NA,NA,5,0,-0.301858521270935,-0.391295560234265,0.172934161847983
"Icterus_pectoralis",16125,"M",NA,28.06,1.89,3.15,17.85,1.55,7.29,8.86,2.57,8.6,"KR","Woodland",4,NA,NA,NA,5,0,-0.260110368169898,-0.156235643590166,0.0902264463785208
"Icterus_portoricensis",16928,"F",NA,21.13,1.51,2.44,15.39,1.55,5.96,8.82,2.42,8.2,"KR","Forest",4,NA,NA,NA,5,0,-0.664577213687567,-0.136555973159907,0.0657032005081744
"Icterus_portoricensis",16927,"F",NA,21.94,1.64,3.09,15.66,1.64,7.5,8.17,1.75,8.24,"KR","Forest",4,NA,NA,NA,5,0,-0.571500007435896,0.0317743411348927,-0.0236381083946307
"Icterus_prosthemelas",16926,"F",NA,23.24,1.63,3.04,13.91,1.4,6.62,7.45,2.18,7.44,"","Forest",4,NA,NA,NA,5,0,-0.696157910613473,-0.18956310856985,0.0443445086742485
"Icterus_pustulatus",16946,"F",NA,22.77,1.96,3.33,14.46,1.91,6.15,8.65,2.02,7.33,"TI","Woodland",4,NA,NA,NA,5,0,-0.491410830490778,-0.17773882078368,-0.294841902156307
"Icterus_pustulatus",16947,"F",NA,23.5,1.8,3.35,14.15,1.77,7.04,8.55,1.84,7.69,"TI","Woodland",4,NA,NA,NA,5,0,-0.513630585669669,-0.0623258787351599,-0.174351001229323
"Icterus_pustulatus",16948,"F",NA,24.15,2.21,3.5,15.48,2.02,6.44,9.62,2.35,8.46,"TI","Woodland",4,NA,NA,NA,5,0,-0.227033678355394,-0.216888816987982,-0.274859164728393
"Icterus_pustulatus",16950,"F",NA,23.79,2.83,3.41,13.99,1.98,6.58,9.61,1.87,7.17,"TI","Woodland",4,NA,NA,NA,5,0,-0.324606312749256,-0.15891150664087,-0.512150988381093
"Icterus_pustulatus",16943,"M",NA,23.03,2.37,3.2,14.62,1.81,7.15,7.94,2.04,7.92,"TI","Woodland",4,NA,NA,NA,5,0,-0.408577909879894,-0.207294203119461,-0.233729002435966
"Icterus_pustulatus",16944,"M",NA,25.18,2.01,3.57,14.1,2.09,6.15,9.06,2.19,8.69,"TI","Woodland",4,NA,NA,NA,5,0,-0.304435647084154,-0.185295366493102,-0.297185446546154
"Icterus_pustulatus",16945,"M",NA,23.32,2.59,2.96,14.29,1.73,6.39,8.94,1.92,7.53,"TI","Woodland",4,NA,NA,NA,5,0,-0.455535529763825,-0.13127907465769,-0.357472364417365
"Icterus_pustulatus",16949,"M",NA,25.12,1.99,3.07,15.48,1.87,7.05,9.37,1.93,7.28,"TI","Woodland",4,NA,NA,NA,5,0,-0.409896994162643,-0.0590216179077505,-0.225298563487288
"Icterus_spurius",25096,"F",NA,21.1,1.25,2.2,12.7,1.37,5.81,8.2,1.17,5.66,"TI","Woodland",3,NA,"Hop",4,5,0,-1.25020440985973,0.298751944673907,-0.166768378693527
"Icterus_spurius",25097,"F",NA,21.53,1.47,2.14,11.33,1.45,6.38,6.44,1.48,6.79,"TI","Woodland",3,NA,"Hop",4,5,0,-1.14278529421889,0.0246729644516396,-0.0618263133698645
"Icterus_spurius",5672,"F",NA,21.05,1.13,2.21,11.56,1.19,5.5,6.52,1.17,6.43,"TI","Woodland",3,NA,"Hop",4,5,0,-1.41581182160466,0.261794038037005,-0.0236415962971684
"Icterus_spurius",2595,"M",NA,22.13,1.27,2.14,13.42,1.18,6,7.12,1.58,6.35,"TI","Woodland",3,NA,"Hop",4,5,0,-1.1793819277509,0.0988325005735692,0.0955253460571538
"Icterus_spurius",2594,"M",NA,21.18,1.31,2.23,13.1,1.23,5.89,7.17,2,6.12,"TI","Woodland",3,NA,"Hop",4,5,0,-1.11011157788272,-0.119803645272633,0.113253068432789
"Icterus_spurius",1597,"M",NA,20.28,1.38,2.13,12.54,1.38,5.29,7.29,1.82,5.73,"TI","Woodland",3,NA,"Hop",4,5,0,-1.17771710964807,-0.106523623802801,-0.076350843566338
"Icterus_spurius",1600,"M",NA,22,1.21,2.14,13.01,1.7,6.27,8.11,2.16,6.28,"TI","Woodland",3,NA,"Hop",4,5,0,-0.932386028455628,-0.142971233408907,0.0474005335103245
"Icterus_spurius",1601,"M",NA,20.86,1.36,2.21,13.27,1.58,5.79,9.08,2.36,6.44,"TI","Woodland",3,NA,"Hop",4,5,0,-0.871372703544765,-0.179402986964705,0.00167944527367657
"Leistes_loyca",15039,"F",NA,34.42,2.95,3.76,20.01,2.68,8.46,11.04,2.25,11.22,"TI","Grassland",2,NA,NA,4,2,0,0.415138948631771,-0.0243689964413869,-0.324177059410523
"Leistes_loyca",15036,"F",NA,31.73,2.54,3.59,19.49,2.62,6.87,12.2,2.58,11,"TI","Grassland",2,NA,NA,4,2,0,0.311487441066613,-0.0809646135469032,-0.321574605030262
"Leistes_loyca",15037,"F",NA,35.72,2.14,3.9,20.28,2.87,9.55,12.48,2.19,12.39,"TI","Grassland",2,NA,NA,4,2,0,0.472353515999682,0.136158738579215,-0.154448534010844
"Leistes_loyca",15040,"F",NA,34.77,2.53,3.97,20.39,2.49,8.38,12.13,1.97,10.89,"TI","Grassland",2,NA,NA,4,2,0,0.348389889578958,0.144071520490266,-0.300930788678718
"Leistes_loyca",15038,"M",NA,33.7,2.72,4.28,21.36,2.86,7.9,10.78,2.45,11.34,"TI","Grassland",2,NA,NA,4,2,0,0.471244717602066,-0.105336920526587,-0.324039295597486
"Leistes_loyca",15041,"M",NA,34.32,2.27,3.88,19.96,2.62,9.18,10.12,2.4,12.25,"TI","Grassland",2,NA,NA,4,2,0,0.377556355229191,-0.0309298561232011,-0.0934353942050853
"Leistes_superciliaris",14903,"M",NA,28.43,1.7,3.38,19.57,1.71,7.3,10.18,1.67,9.54,"KR","Grassland",2,NA,NA,5,1,0,-0.244065345951685,0.268822733101918,-0.0554174565798425
"Molothrus_aeneus",39052,"F",NA,26.21,1.79,3.08,17.27,1.65,8.73,9.72,2.17,9.83,"KR","Generalist",2,NA,"Walk",3,NA,1,-0.215115152901485,0.0404623956286251,0.127442404129235
"Molothrus_aeneus",39053,"F",NA,26.07,1.9,3.41,18,1.93,7.69,7.58,2.39,9.21,"KR","Generalist",2,NA,"Walk",3,NA,1,-0.21299377621175,-0.208491690775747,0.015314446868039
"Molothrus_aeneus",16764,"M",NA,33.73,1.9,3.54,21.93,1.6,8.92,10.12,2.59,8.62,"KR","Generalist",2,NA,"Walk",3,NA,1,0.0387380136988016,-0.0443742549351411,0.179431445645616
"Molothrus_aeneus",16766,"M",NA,31.32,2.04,3.01,20.45,1.72,10.97,9.74,2.29,10.61,"KR","Generalist",2,NA,"Walk",3,NA,1,0.0676077201768339,0.0750111469136269,0.243723020842706
"Molothrus_aeneus",16017,"M",NA,29.91,1.91,3.64,21.56,2.01,9.83,10.59,2.84,11.16,"KR","Generalist",2,NA,"Walk",3,NA,1,0.24469056516606,-0.0841169011865558,0.196898232751279
"Molothrus_ater",23920,"F",NA,25.68,1.73,2.97,14.55,1.81,9.4,10.83,2.26,10.13,"TI","Generalist",1,NA,"Walk",3,NA,1,-0.191129398260511,0.024777648873473,0.111626820040655
"Molothrus_ater",23921,"F",NA,23.14,1.96,1.85,14.75,1.58,6.41,10.39,1.97,8.34,"TI","Generalist",1,NA,"Walk",3,NA,1,-0.628916948026692,0.0949951308105599,-0.0859812296958621
"Molothrus_ater",36783,"F",42.7,25.05,1.71,2.58,11.48,1.78,6.29,8.54,1.84,8.62,"TI","Generalist",1,NA,"Walk",3,NA,1,-0.663824400787255,-0.0124262020171888,-0.17173765418198
"Molothrus_ater",39460,"F",35.3,22.55,1.82,2.97,14.19,1.9,5.91,8.98,2.21,8.47,"TI","Generalist",1,NA,"Walk",3,NA,1,-0.487620748059115,-0.159416601751772,-0.198071943368578
"Molothrus_ater",37304,"F",41.2,25.44,1.65,2.62,14.48,1.68,6.66,9.5,1.91,8.12,"TI","Generalist",1,NA,"Walk",3,NA,1,-0.557508961340657,0.0540710034446539,-0.0776720193265342
"Molothrus_ater",27608,"M",NA,27.05,1.77,3.19,16.55,1.71,6.82,11.81,1.9,9.05,"TI","Generalist",1,NA,"Walk",3,NA,1,-0.276453787300371,0.173007825977503,-0.126786416407223
"Molothrus_ater",23919,"M",NA,25.51,1.95,2.99,16.48,1.9,7.85,9.27,2.06,8.99,"TI","Generalist",1,NA,"Walk",3,NA,1,-0.270224008412746,-0.0227103443222244,-0.0714243493974247
"Molothrus_ater",36782,"M",54.7,28.25,1.83,2.96,17.48,1.79,7.32,8.55,2.23,9.46,"TI","Generalist",1,NA,"Walk",3,NA,1,-0.266932148588106,-0.0474958842217681,0.0258462034057454
"Molothrus_ater",37679,"M",NA,26.32,2.25,3,16.81,1.72,6.6,9.16,1.55,8,"TI","Generalist",1,NA,"Walk",3,NA,1,-0.423860063980315,0.141490434439073,-0.305298018134356
"Molothrus_bonariensis",14906,"F",NA,26.08,1.47,3,15.8,1.4,7.05,9.5,1.76,9.19,"TI","Generalist",3,NA,"Walk",3,NA,1,-0.536977398894839,0.20898944586522,0.0883784731445453
"Molothrus_bonariensis",14902,"M",NA,26.97,1.77,3.58,17.59,1.65,8.38,9.94,1.81,9.94,"TI","Generalist",3,NA,"Walk",3,NA,1,-0.207491537931676,0.173668432960838,0.0234293973521328
"Molothrus_oryzivorus",16772,"F",NA,38.6,2.83,3.93,24.27,2.32,10.87,12.67,2.94,12.89,"KR","Woodland",2,NA,NA,NA,NA,1,0.727184538775652,-0.0265221381432781,0.0317498979289521
"Molothrus_oryzivorus",16774,"F",NA,39.52,2.55,4.26,24.64,2.23,11.5,12.24,3.54,13.17,"KR","Woodland",2,NA,NA,NA,NA,1,0.78936249212877,-0.149646444851284,0.196885812950392
"Molothrus_oryzivorus",16768,"M",NA,48.08,3.14,5.23,30.6,2.92,11.69,14.57,4.33,13.55,"KR","Woodland",2,NA,NA,NA,NA,1,1.29713117696032,-0.255703189112755,0.041958762321333
"Molothrus_oryzivorus",16767,"M",NA,44.14,3,5.59,31.01,2.59,11.45,16.27,3.61,13.62,"KR","Woodland",2,NA,NA,NA,NA,1,1.2177080473534,-0.068356249708221,0.0124189312007101
"Molothrus_oryzivorus",16769,"M",NA,45.99,2.93,5.07,31.25,2.73,12.94,12.72,3.65,14.92,"KR","Woodland",2,NA,NA,NA,NA,1,1.20026150102147,-0.125514411333356,0.152938011183337
"Molothrus_oryzivorus",16771,"M",NA,46.4,2.83,5.04,29.62,2.98,11.62,13.68,3.14,13.86,"KR","Woodland",2,NA,NA,NA,NA,1,1.12292200279031,-0.0261945938541094,-0.0226769612682853
"Molothrus_oryzivorus",16773,"M",NA,42.37,2.85,4.73,30.49,2.82,13.02,13.89,3.61,14.35,"KR","Woodland",2,NA,NA,NA,NA,1,1.15826776693961,-0.101678404552224,0.12734604653679
"Psarocolius_decumanus",11916,"F",NA,37.81,2.85,4.59,26.05,2.76,11.49,13.94,4.25,13.13,"TI","Forest",4,NA,NA,5,5,0,1.02695647488118,-0.30037931079199,0.0807867643968803
"Psarocolius_decumanus",11915,"M",NA,46.39,3.77,5.66,32.83,3.73,13.43,19.22,4.32,16.11,"TI","Forest",4,NA,NA,5,5,0,1.67712314765906,-0.162876830322549,-0.0987361004914639
"Psarocolius_decumanus",16116,"M",NA,49.59,4.61,6.94,36.2,4.23,16.34,22.71,4.81,19.36,"TI","Forest",4,NA,NA,5,5,0,2.12439971455809,-0.170566655963801,-0.112176982121479
"Psarocolius_wagleri",16754,"F",NA,28.86,2.23,4.45,22.07,2.76,9.37,9.79,2.62,11.2,"KR","Forest",5,NA,NA,NA,5,0,0.40294887707375,-0.177244928726915,-0.0963154673260016
"Psarocolius_wagleri",16755,"M",NA,37.02,2.57,5.01,26.19,2.99,11.24,12.99,3.81,14.05,"KR","Forest",5,NA,NA,NA,5,0,1.00550460888428,-0.240053083653267,0.0559785531169623
"Psarocolius_wagleri",16770,"M",NA,40.49,2.94,4.94,26.06,3.21,11.47,15.87,3.74,13.8,"KR","Forest",5,NA,NA,NA,5,0,1.16044573351005,-0.166483665841116,-0.0738365306956521
"Quiscalus_lugubris",15530,"F",NA,28.72,2,3.02,20.11,1.89,8.16,8.74,2.17,9.76,"KR","Generalist",1,NA,NA,NA,5,0,-0.113924996429885,-0.00130593069420026,0.0312495244949701
"Quiscalus_lugubris",15531,"F",NA,27.25,1.83,3.04,19.2,1.68,7.61,10.42,2.35,9.54,"KR","Generalist",1,NA,NA,NA,5,0,-0.160199446554618,0.0191376428236846,0.0724369410403494
"Quiscalus_major",11558,"F",NA,36.72,2.1,4.38,23.35,2.27,11.88,12.9,3,13.13,"KR: M, TI: F","Wetland",1,NA,"Walk",3,5,0,0.676435696533929,0.000992341429121427,0.206867699943826
"Quiscalus_major",11559,"F",NA,38.34,2.33,4.03,23.3,2.04,11,12.59,2.87,13.23,"KR: M, TI: F","Wetland",1,NA,"Walk",3,5,0,0.615522585376948,0.0428367460691386,0.176566821457227
"Quiscalus_major",7566,"F",NA,39.39,2.76,4.13,23.84,2.43,9.83,11.67,3.03,12.75,"KR: M, TI: F","Wetland",1,NA,"Walk",3,5,0,0.69842220756239,-0.102248635778816,-0.0170055903844945
"Quiscalus_major",10107,"F",NA,39.25,2.14,4.15,25.06,2.59,10.65,13.59,2.87,14.06,"KR: M, TI: F","Wetland",1,NA,"Walk",3,5,0,0.752574357472761,0.081736454918258,0.0984744768204613
"Quiscalus_major",10108,"F",NA,38.28,2.2,4.1,22.49,2.61,10.86,12.32,2.89,13.1,"KR: M, TI: F","Wetland",1,NA,"Walk",3,5,0,0.662890458281692,-0.016697207458197,0.0739499455169159
"Quiscalus_major",7125,"M",NA,50.65,2.73,4.2,32.5,2.71,13.38,15.34,3.15,16.2,"KR: M, TI: F","Wetland",1,NA,"Walk",3,5,0,1.21796919978132,0.16184091517872,0.184022797852115
"Quiscalus_major",11551,"M",NA,53.03,2.8,5.19,32.13,2.86,12.71,15.52,4.26,15.45,"KR: M, TI: F","Wetland",1,NA,"Walk",3,5,0,1.38962414494705,-0.118072498517344,0.178778865932569
"Quiscalus_major",11553,"M",NA,47.72,3.06,5.15,32.48,2.21,12.96,16.02,3.51,15.27,"KR: M, TI: F","Wetland",1,NA,"Walk",3,5,0,1.24832142790848,0.047637464322462,0.189434521685725
"Quiscalus_major",11544,"M",NA,47.8,2.76,4.85,31.58,2.99,12.43,13.44,4.08,16.27,"KR: M, TI: F","Wetland",1,NA,"Walk",3,5,0,1.28479686212881,-0.148726406298128,0.181860624807969
"Quiscalus_mexicanus",38921,"F",NA,37.55,2.96,4.17,25.54,1.99,11.46,12.35,3.06,12.63,"KR","Generalist",2,NA,"Walk",4,4,0,0.729172098063475,-0.0577569901915278,0.122480829298857
"Quiscalus_mexicanus",5656,"F",NA,39.93,2.37,4.24,25.95,2.41,10.4,11.83,2.67,12.14,"KR","Generalist",2,NA,"Walk",4,4,0,0.657880543602165,0.032414799651181,0.0375556190282747
"Quiscalus_mexicanus",24146,"F",NA,35.73,2.34,4.59,24.42,2.2,9.83,12.43,3.21,12.02,"KR","Generalist",2,NA,"Walk",4,4,0,0.640778078101235,-0.119191328761955,0.0839633448366166
"Quiscalus_mexicanus",24145,"M",NA,50,3.16,5.82,30.83,3.2,12.96,15.46,3.76,15.38,"KR","Generalist",2,NA,"Walk",4,4,0,1.43653311079809,-0.108272464087382,0.00228565212267241
"Quiscalus_mexicanus",22594,"M",NA,48.33,2.99,6,28.94,3.27,12.5,15.87,4.07,15.66,"KR","Generalist",2,NA,"Walk",4,4,0,1.43052050185961,-0.170529436388781,0.00963286347600316
"Quiscalus_mexicanus",22595,"M",NA,49.06,3.24,6.44,30.76,3.72,13.12,12.77,3.46,15.12,"KR","Generalist",2,NA,"Walk",4,4,0,1.43062686371315,-0.182074199669134,-0.0932742757840238
"Quiscalus_mexicanus",5654,"M",NA,48.05,2.86,4.84,31.55,3.04,13.37,14.03,4.19,15.43,"KR","Generalist",2,NA,"Walk",4,4,0,1.32959278931582,-0.171911819379558,0.182150673970428
"Quiscalus_mexicanus",38920,"M",238.79,49.79,2.87,5.11,31.11,2.89,11.83,14.58,4.1,14.22,"KR","Generalist",2,NA,"Walk",4,4,0,1.27914860733672,-0.166480932594614,0.0961936584953011
"Quiscalus_niger",16762,"M",NA,35.9,2.32,3.82,22.69,2.16,9.9,9.67,3.26,12.38,"KR","Generalist",3,NA,"Walk",NA,5,0,0.476129232804991,-0.205658060343565,0.177765263199524
"Quiscalus_niger",16763,"M",NA,32.04,2.06,3.55,21.09,1.59,9.47,9.59,2.9,11.16,"KR","Generalist",3,NA,"Walk",NA,5,0,0.154966471976267,-0.10423564107152,0.282866639940781
"Quiscalus_quiscula",45648,"F",87.5,33.11,2.11,4.05,22.88,2.06,9.5,10.66,3.13,11.45,"KR: F, TI: M","Generalist",2,NA,"Walk",3,5,0,0.406155609674786,-0.15692737958222,0.15919251880504
"Quiscalus_quiscula",58027,"F",63.5,31.45,2.25,3.82,21.39,2.08,8.54,10.97,2.28,10.52,"KR: F, TI: M","Generalist",2,NA,"Walk",3,5,0,0.221563164550589,0.0335955391813263,-0.076359921848698
"Quiscalus_quiscula",44485,"F",82.3,32.77,2.09,3.72,23.25,2.02,8.91,8.93,2.97,11.12,"KR: F, TI: M","Generalist",2,NA,"Walk",3,5,0,0.263342315568098,-0.182727828096695,0.164207035928495
"Quiscalus_quiscula",57351,"F",62.5,32.42,2.14,3.68,22.05,1.66,8.44,11.51,1.78,10.29,"KR: F, TI: M","Generalist",2,NA,"Walk",3,5,0,0.0667914496350264,0.298394625024918,-0.0426434109449679
"Quiscalus_quiscula",57355,"F",67.7,32.4,2.11,4.02,20.83,2.12,9.34,10.1,3.03,11.67,"KR: F, TI: M","Generalist",2,NA,"Walk",3,5,0,0.345928112927694,-0.177561208691635,0.12240347305297
"Quiscalus_quiscula",35041,"M",109.1,36.06,2.2,4.29,23.78,1.87,9.05,11.99,2.04,10.48,"KR: F, TI: M","Generalist",2,NA,"Walk",3,5,0,0.314332829237227,0.207203214322334,-0.0383598971597357
"Quiscalus_quiscula",35074,"M",106.5,34.34,2.42,4.7,24.13,2.4,10.33,12.19,2.52,14.44,"KR: F, TI: M","Generalist",2,NA,"Walk",3,5,0,0.671323738029166,0.0753994037295318,0.00712549631787672
"Quiscalus_quiscula",48372,"M",109.5,32.96,2.36,4.75,21.36,2.63,7.04,11.84,2.75,10.92,"KR: F, TI: M","Generalist",2,NA,"Walk",3,5,0,0.442663724179401,-0.148697005169517,-0.279547476425492
"Quiscalus_quiscula",43524,"M",101.2,33.8,2.49,4.48,21.14,2.49,8.1,15.7,2.61,10.51,"KR: F, TI: M","Generalist",2,NA,"Walk",3,5,0,0.537559250775691,0.0144413688310931,-0.28006026121871
"Quiscalus_quiscula",52351,"M",115.7,37.74,2.34,4.36,22.48,2.6,9.39,11.15,3.16,12.48,"KR: F, TI: M","Generalist",2,NA,"Walk",3,5,0,0.627558256207067,-0.170367614364311,0.000813394124778939
"Sturnella_lilianae",24119,"F",NA,36.85,1.99,3.59,24.23,2.01,8.22,14.28,1.93,12.76,"","Grassland",1,NA,"Walk",5,1,0,0.343776996948456,0.420904221208041,-0.0391994140518769
"Sturnella_magna",24113,"F",NA,39.82,1.84,3.42,26.31,2.07,8.62,16.47,1.65,12.35,"KR","Grassland",1,NA,"Walk",5,1,0,0.373965190134858,0.640127348314972,-0.0569875274075172
"Sturnella_magna",37441,"F",84.5,37.31,2.03,3.8,21.53,2.33,8.79,13.54,1.75,12.2,"KR","Grassland",1,NA,"Walk",5,1,0,0.340285015418104,0.400723449179777,-0.154985890325649
"Sturnella_magna",5679,"F",NA,35.59,2.16,3.67,21.69,2.12,7.2,13.71,1.6,11.14,"KR","Grassland",1,NA,"Walk",5,1,0,0.18646727226522,0.439276122546363,-0.292101193154673
"Sturnella_magna",5680,"F",NA,40.66,2.5,3.9,26.24,2.1,8.1,15.64,2.13,14.25,"KR","Grassland",1,NA,"Walk",5,1,0,0.615683575849211,0.388073682522669,-0.121449280762317
"Sturnella_magna",24112,"M",NA,42.8,2.34,4.11,27.7,2.56,8.61,18.08,2.1,12.91,"KR","Grassland",1,NA,"Walk",5,1,0,0.748227860914385,0.423491456283098,-0.208269723622954
"Sturnella_magna",24114,"M",NA,41.98,2.44,3.75,27.1,2.23,8.6,17.61,1.79,13.87,"KR","Grassland",1,NA,"Walk",5,1,0,0.635874027892996,0.575914251323799,-0.186397977700543
"Sturnella_magna",24115,"M",NA,40.37,2.38,3.81,27.01,2.39,9.75,17.21,1.99,13.24,"KR","Grassland",1,NA,"Walk",5,1,0,0.689429341750931,0.460707432909991,-0.119136181866073
"Sturnella_magna",24116,"M",NA,38.27,2.42,3.81,27.12,2.71,9.43,18,2.16,14.24,"KR","Grassland",1,NA,"Walk",5,1,0,0.776621639230939,0.404234321928539,-0.164129998543723
"Sturnella_magna",24117,"M",NA,42.96,2.45,3.76,28.47,1.98,9,19.05,2.07,13.61,"KR","Grassland",1,NA,"Walk",5,1,0,0.700255120613903,0.530279050548358,-0.0655550578772382
"Sturnella_magna",24121,"M",NA,36.09,2.53,4.35,23.42,2.49,8.07,18.28,2.05,13.8,"KR","Grassland",1,NA,"Walk",5,1,0,0.66439696695692,0.375869117551923,-0.306583550966335
"Sturnella_neglecta",38387,"F",NA,34.18,2.52,4.01,21.59,3.49,8.8,14.87,2,12.42,"KR","Grassland",1,NA,"Walk",5,1,0,0.617652939280563,0.209091234935613,-0.424038572528233
"Sturnella_neglecta",42494,"F",NA,34.65,2.12,3.41,23.33,1.89,6.24,12.3,1.82,10.28,"KR","Grassland",1,NA,"Walk",5,1,0,0.0620406661943796,0.312524230637358,-0.228741554998998
"Sturnella_neglecta",2689,"F",NA,35,2.06,3.6,23.36,2.32,8,12.06,2.08,12.32,"KR","Grassland",1,NA,"Walk",5,1,0,0.31881472189728,0.233303103811747,-0.0976262273540894
"Sturnella_neglecta",37442,"F",86.5,33.19,2.33,3.56,22.27,2.05,6.64,13.92,2.42,11.28,"KR","Grassland",1,NA,"Walk",5,1,0,0.282982593584563,0.12452722570841,-0.193542997090657
"Sturnella_neglecta",37726,"F",85.5,34.57,2.15,3.97,22.14,2.27,6.42,12.82,2.22,10.73,"KR","Grassland",1,NA,"Walk",5,1,0,0.259289122971548,0.124799068782831,-0.269061901773231
"Sturnella_neglecta",13387,"M",NA,36.89,2.29,3.96,24.31,2.33,7.76,14.11,2.17,12.85,"KR","Grassland",1,NA,"Walk",5,1,0,0.489934216772549,0.26008782187923,-0.173812615058318
"Sturnella_neglecta",13388,"M",NA,35.72,2.27,3.8,22.39,2,8.35,14.74,1.88,11.54,"KR","Grassland",1,NA,"Walk",5,1,0,0.337467328005583,0.36805518729293,-0.158670144644507
"Sturnella_neglecta",12894,"M",NA,36.41,2.31,4.25,24.2,2.36,6.99,14.65,2.36,11.83,"KR","Grassland",1,NA,"Walk",5,1,0,0.492052368755066,0.16456110437569,-0.248003332674712
"Sturnella_neglecta",12893,"M",NA,37.3,2.42,4.14,25.48,2.25,9.4,14.27,2.34,12.6,"KR","Grassland",1,NA,"Walk",5,1,0,0.609613915421373,0.210868273614821,-0.0650235651718973
"Sturnella_neglecta",13382,"M",NA,36.96,2.53,4.4,25.02,3.03,7.56,13.57,2.41,12.63,"KR","Grassland",1,NA,"Walk",5,1,0,0.663197514303459,0.0836000448273615,-0.330368947962515
"Xanthocephalus_xanthocephalus",28870,"F",NA,28.28,1.91,3.12,18.9,1.49,9.54,10.23,2.67,11.02,"KR","Wetland",1,NA,"Walk",5,2,0,-0.0210122267419901,-0.0187354412693512,0.30402745344388
"Xanthocephalus_xanthocephalus",28869,"F",NA,30.06,1.71,3.59,19.45,1.76,11.39,10.28,2.25,11.56,"KR","Wetland",1,NA,"Walk",5,2,0,0.101340483151514,0.120753350846757,0.298266554489806
"Xanthocephalus_xanthocephalus",28868,"F",NA,30.18,1.72,3.19,19.21,1.71,9.85,9.81,2.55,11.13,"KR","Wetland",1,NA,"Walk",5,2,0,0.01398389278672,0.0113375602881574,0.299079300492379
"Xanthocephalus_xanthocephalus",28850,"F",NA,30.1,2.05,3.07,18.48,1.65,8.5,10.8,2.21,9.23,"KR","Wetland",1,NA,"Walk",5,2,0,-0.0901657772475538,0.0659615336939861,0.0404969103978588
"Xanthocephalus_xanthocephalus",28849,"F",NA,29.49,1.64,3.17,20.01,1.66,8.74,10.65,2.84,10.28,"KR","Wetland",1,NA,"Walk",5,2,0,-0.0107185156824156,-0.0447302970327506,0.287022779942378
"Xanthocephalus_xanthocephalus",28846,"M",NA,33.3,2.17,3.7,22.5,2.12,11.49,14.22,2.77,13.2,"KR","Wetland",1,NA,"Walk",5,2,0,0.56123586463668,0.108147913406166,0.18016369596237
"Xanthocephalus_xanthocephalus",28847,"M",NA,34.09,2.6,3.98,23.94,2.34,10.56,12.63,2.9,12.28,"KR","Wetland",1,NA,"Walk",5,2,0,0.629423992113555,-0.0475475267944403,0.0260684243830915
"Xanthocephalus_xanthocephalus",28848,"M",NA,33.65,2.26,3.9,20.18,2.26,10.86,13.98,2.21,12.29,"KR","Wetland",1,NA,"Walk",5,2,0,0.463231818540622,0.198000868741621,-0.0250176243238976
"Xanthocephalus_xanthocephalus",28824,"M",NA,34.45,2.2,4.14,23.2,1.75,10.67,12.22,2.51,12.62,"KR","Wetland",1,NA,"Walk",5,2,0,0.438824637193032,0.12645383520668,0.195731231259604
"Xanthocephalus_xanthocephalus",28825,"M",NA,34.59,2.35,3.9,22.42,1.71,11.92,11.82,2.23,12.48,"KR","Wetland",1,NA,"Walk",5,2,0,0.404353872750518,0.197380747319087,0.195464174182698
"Xanthopsar_flavus",14898,"F",NA,24.13,1.5,2.73,17.76,1.81,7.84,8.52,1.71,10.97,"KR","Grassland",1,NA,NA,NA,2,0,-0.409909773919461,0.219580800234071,0.101778550236997
