IOC Name,Agelaioides badius,Agelaius phoeniceus,Agelasticus thilius,Agelaius tricolor,Agelaius xanthomus,Agelasticus cyanopus,Amblycercus holosericeus,Amblyramphus holosericeus,Cacicus cela,Cacicus solitarius,Dolichonyx oryzivorus,Euphagus carolinus,Euphagus cyanocephalus,Icterus bullockii,Icterus cayanensis,Icterus chrysater,Icterus cucullatus,Icterus portoricensis,Icterus galbula,Icterus graduacauda,Icterus gularis,Icterus icterus,Icterus croconotus,Icterus mesomelas,Icterus nigrogularis,Icterus parisorum,Icterus pectoralis,Icterus prosthemelas,Icterus pustulatus,Icterus spurius,Molothrus aeneus,Molothrus ater,Molothrus bonariensis,Molothrus oryzivorus,Psarocolius decumanus,Psarocolius montezuma,Psarocolius wagleri,Quiscalus lugubris,Quiscalus major,Quiscalus mexicanus,Quiscalus niger,Quiscalus quiscula,Sturnella lilianae,Leistes loyca,Sturnella magna,Leistes militaris,Sturnella neglecta,Leistes superciliaris,Xanthocephalus xanthocephalus,Xanthopsar flavus,,,,,,,,,,,,,,,
DMNS Name,Agelaioides badius,Agelaius phoeniceus,Agelaius thilius,Agelaius tricolor,Agelaius xanthomus,Agelasticus cyanopus,Amblycercus holosericeus,Amblyramphus holosericeus,Cacicus cela,Cacicus solitarius,Dolichonyx oryzivorus,Euphagus carolinus,Euphagus cyanocephalus,Icterus bullockii,Icterus cayanensis,Icterus chrysater,Icterus cucullatus,Icterus dominicensis,Icterus galbula,Icterus graduacauda,Icterus gularis,Icterus icterus,Icterus croconotus,Icterus mesomelas,Icterus nigrogularis,Icterus parisorum,Icterus pectoralis,Icterus prosthemelas,Icterus pustulatus,Icterus spurius,Molothrus aeneus,Molothrus ater,Molothrus bonariensis,Scaphidura oryzivora,Psarocolius decumanus,Psarocolius montezuma,Psarocolius wagleri,Quiscalus lugubris,Quiscalus major,Quiscalus mexicanus,Quiscalus niger,Quiscalus quiscula,S. magna lilianae,,Sturnella magna,Sturnella militaris,Sturnella neglecta,,Xanthocephalus xanthocephalus,Xanthopsar flavus,,,,,,,,,,,,,,,
Note,,,,,,,,,,,,,,,,,,,,,,,,,,,,,,,,,,,,,,,,,,,,,,,,,,,,,,,,,,,,,,,,,
Individual 1,14908,27598,14911,35809,16729,11944,16756,14905,17124,,1319,21948,32526,21114,11967,16010,21578,16928,44862,25870,16040,,15112,,156249,5074,16022,16926,16943,2595,16764,27608,14902,16768,11915,,16755,15530,7125,38921,16762,45648,24119,15038,24112,,13387,14903,28846,14898,,,,,,,,,,,,,,,
Sex,M,M,M,M,M,F,M,M,M,,M,M,F,F,M,M,F,F,F,F,M,,M,,M,M,M,F,M,M,M,M,M,M,M,,M,F,M,F,M,F,F,M,M,,M,M,M,F,,,,,,,,,,,,,,,
Mass (g),NA,NA,NA,NA,NA,NA,NA,NA,NA,,NA,NA,NA,NA,NA,NA,NA,NA,44,NA,NA,,NA,,NA,NA,NA,NA,NA,NA,NA,NA,NA,NA,NA,,NA,NA,NA,NA,NA,87.5,NA,NA,NA,,NA,NA,NA,NA,,,,,,,,,,,,,,,
L Tarsus,24.17,28.11,23.24,28.02,25.1,24.63,32.77,29.26,34.25,,26.75,23.45,29.27,23.89,23.78,24.78,22.43,21.13,24.18,26.54,26.68,,28.43,,25.09,26.72,26.22,23.24,23.03,22.13,33.73,27.05,26.97,48.08,46.39,,37.02,28.72,50.65,37.55,35.9,33.11,36.85,33.7,42.8,,36.89,28.43,33.3,24.13,,,,,,,,,,,,,,,
W Tarsus,1.73,1.82,1.85,1.74,1.54,1.76,2.48,1.89,2.51,,1.33,1.77,1.56,1.7,1.93,2.11,1.26,1.51,1.96,1.82,2.37,,2.53,,1.88,2.43,1.63,1.63,2.37,1.27,1.9,1.77,1.77,3.14,3.77,,2.57,2,2.73,2.96,2.32,2.11,1.99,2.72,2.34,,2.29,1.7,2.17,1.5,,,,,,,,,,,,,,,
D Tarsus,3.21,3.38,2.79,3.5,2.97,3.14,3.78,3.77,4.31,,2.45,3.09,3.31,3.1,2.81,3.4,2.36,2.44,2.82,3.28,3.8,,3.03,,3.19,3.07,3.42,3.04,3.2,2.14,3.54,3.19,3.58,5.23,5.66,,5.01,3.02,4.2,4.17,3.82,4.05,3.59,4.28,4.11,,3.96,3.38,3.7,2.73,,,,,,,,,,,,,,,
L Midtoe P1,4.32,5.61,5.52,3.7,2.92,4.08,10.9,5.54,9.13,,3.6,5.47,6.23,4.42,3.89,3.52,2.79,4.17,3.72,4,5.36,,3.44,,3.08,3.01,4.83,3.2,3.13,2.53,5.96,3.74,4.24,8.68,6.09,,6.41,4.91,8.59,7.17,5.86,5.04,5.28,4.92,6.93,,5.6,5.35,5.97,4.49,,,,,,,,,,,,,,,
L Midtoe P2,4.83,7.34,6.08,6.24,5.26,5.07,6.19,6.61,9.86,,5.68,6.92,6.54,4.16,4.29,5.12,4.73,4.62,4.62,5.33,4.95,,5.27,,5.17,4.6,5.37,3.89,4.36,4.59,6.99,5.44,5.49,11.49,11.16,,7.53,6.68,10.63,7.95,7.52,8.17,9.16,7.48,10.38,,9.3,7.07,7.65,5.78,,,,,,,,,,,,,,,
L Midtoe P3,6.64,6.74,7.17,8.55,7.56,6.87,2.69,9.92,2.12,,5.72,6.97,7.01,6.67,6.59,6.86,6.8,6.6,6.09,7.12,8.76,,8.44,,6.94,7.35,7.95,6.82,7.13,6.3,8.98,7.37,7.86,10.43,15.58,,12.25,8.52,13.28,10.42,9.31,9.67,9.79,8.96,10.39,,9.41,7.15,8.88,7.49,,,,,,,,,,,,,,,
L Midtoe,15.79,19.69,18.77,18.49,15.74,16.02,19.78,22.07,21.11,0,15,19.36,19.78,15.25,14.77,15.5,14.32,15.39,14.43,16.45,19.07,0,17.15,0,15.19,14.96,18.15,13.91,14.62,13.42,21.93,16.55,17.59,30.6,32.83,0,26.19,20.11,32.5,25.54,22.69,22.88,24.23,21.36,27.7,0,24.31,19.57,22.5,17.76,,,,,,,,,,,,,,,
W Midtoe P1,1.56,1.77,1.13,2.02,1.76,1.76,1.98,2.42,2.28,,1.35,1.43,1.43,1.72,1.41,2.01,1.39,1.55,1.55,1.79,1.69,,2.23,,1.82,1.88,1.89,1.4,1.81,1.18,1.6,1.71,1.65,2.92,3.73,,2.99,1.89,2.71,1.99,2.16,2.06,2.01,2.86,2.56,,2.33,1.71,2.12,1.81,,,,,,,,,,,,,,,
L Midtoe Claw,7.38,8.25,6.95,7.36,6.82,7.82,8.8,8.58,10.23,,8.73,6.37,6.49,6.13,6.11,5.36,6.82,5.96,6.11,7.67,7.65,,7.23,,7.1,5.99,8.16,6.62,7.15,6,8.92,6.82,8.38,11.69,13.43,,11.24,8.16,13.38,11.46,9.9,9.5,8.22,7.9,8.61,,7.76,7.3,11.49,7.84,,,,,,,,,,,,,,,
L Hallux,6.58,10.79,7.44,10.73,7.48,7.19,14.76,9.35,12.02,,9.91,8.33,8.77,7.05,8.17,8.85,7.67,8.82,8.02,8.73,9.23,,9.24,,9,8.24,9.14,7.45,7.94,7.12,10.12,11.81,9.94,14.57,19.22,,12.99,8.74,15.34,12.35,9.67,10.66,14.28,10.78,18.08,,14.11,10.18,14.22,8.52,,,,,,,,,,,,,,,
W Hallux P1,2.38,2.09,2.31,2.68,1.82,2.62,2.63,3.98,3.2,,1.83,2.84,2.11,2.7,1.89,1.9,1.83,2.42,2.34,2.36,2.73,,2.32,,2.25,2.15,2.79,2.18,2.04,1.58,2.59,1.9,1.81,4.33,4.32,,3.81,2.17,3.15,3.06,3.26,3.13,1.93,2.45,2.1,,2.17,1.67,2.77,1.71,,,,,,,,,,,,,,,
L Hallux Claw,9.11,10.47,8.82,9.29,8.47,10.1,11.74,11.83,11.34,,9.71,9.61,9.22,7.04,7.98,8.63,7.72,8.2,7.18,8.26,8.37,,9.61,,7.34,7.8,9.35,7.44,7.92,6.35,8.62,9.05,9.94,13.55,16.11,,14.05,9.76,16.2,12.63,12.38,11.45,12.76,11.34,12.91,,12.85,9.54,13.2,10.97,,,,,,,,,,,,,,,
Individual 2,,13681,,,16759,11933,,11909,11930,,1320,22924,32549,37450,11969,16012,21577,16927,4709,24158,16042,,15111,,,23257,16023,,16944,2594,16766,35795,14906,16767,16116,,16770,15531,11551,5656,16763,58027,,15041,24114,,13388,,28847,,,,,,,,,,,,,,,,
Sex,,M,,,F,M,,F,M,,M,M,F,F,M,M,F,F,M,F,F,,M,,,M,M,,M,M,M,M,F,M,M,,M,F,M,F,M,F,,M,M,,M,,M,,,,,,,,,,,,,,,,
Mass (g),,NA,,,NA,NA,,NA,NA,,NA,NA,NA,30,NA,NA,NA,NA,NA,NA,NA,,NA,,,NA,NA,,NA,NA,NA,NA,NA,NA,NA,,NA,NA,NA,NA,NA,63.5,,NA,NA,,NA,,NA,,,,,,,,,,,,,,,,
L Tarsus,,28.85,,,23.84,29.1,,29.6,,,26.09,30.45,28.73,24.01,24.82,25.82,22.33,21.94,22.03,25.54,27.36,,25.75,,,21.28,28.38,,25.18,21.18,31.32,25.77,26.08,44.14,49.59,,40.49,27.25,53.03,39.93,32.04,31.45,,34.32,41.98,,35.72,,34.09,,,,,,,,,,,,,,,,
W Tarsus,,1.85,,,1.52,1.96,,2.48,,,1.68,1.71,1.55,2.01,1.74,2.29,1.39,1.64,1.53,1.74,1.95,,2.22,,,1.68,1.67,,2.01,1.31,2.04,1.76,1.47,3,4.61,,2.94,1.83,2.8,2.37,2.06,2.25,,2.27,2.44,,2.27,,2.6,,,,,,,,,,,,,,,,
D Tarsus,,3.47,,,2.84,3.08,,3.83,,,2.79,2.58,2.86,2.94,3.16,3.43,2.58,3.09,2.8,3.45,3.97,,3.97,,,2.53,3.15,,3.57,2.23,3.01,2.91,3,5.59,6.94,,4.94,3.04,5.19,4.24,3.55,3.82,,3.88,3.75,,3.8,,3.98,,,,,,,,,,,,,,,,
L Midtoe P1,,4.26,,,3.09,5.02,,5.69,,,4.71,5.79,6.07,3.97,3.91,3.29,3.19,4.47,4.12,4.28,5.08,,4.53,,,2.83,4.01,,3.15,2.45,5.7,3.65,3.7,8.87,6.76,,12.96,4.55,8.73,6.29,6.22,5.91,,4.4,6.8,,5.27,,5.93,,,,,,,,,,,,,,,,
L Midtoe P2,,6.29,,,5.46,4.88,,5.86,,,5.5,7,6.09,4.5,4.47,4.79,4.14,5.05,3.27,5.46,6.02,,5.16,,,4.93,5.21,,4.9,4.02,6.66,4.86,5.82,10.85,11.77,,10.34,6.42,9.99,8.54,6.62,6.73,,7.18,9.85,,8.81,,5.69,,,,,,,,,,,,,,,,
L Midtoe P3,,8.27,,,6.75,7.58,,8.79,,,9.05,9.29,7.35,7.96,7.11,7.53,6.17,6.14,6.41,7.36,8.32,,8.77,,,6.92,7.74,,6.05,6.63,8.09,6.95,6.28,11.29,17.67,,2.76,8.23,13.41,11.12,8.25,8.75,,8.38,10.45,,8.31,,12.32,,,,,,,,,,,,,,,,
L Midtoe,0,18.82,0,0,15.3,17.48,0,20.34,0,0,19.26,22.08,19.51,16.43,15.49,15.61,13.5,15.66,13.8,17.1,19.42,0,18.46,0,0,14.68,16.96,0,14.1,13.1,20.45,15.46,15.8,31.01,36.2,0,26.06,19.2,32.13,25.95,21.09,21.39,,19.96,27.1,0,22.39,0,23.94,0,,,,,,,,,,,,,,,
W Midtoe P1,,1.71,,,1.59,1.63,,1.93,,,1.44,1.38,1.54,1.49,1.43,1.89,1.4,1.64,1.42,1.89,2.09,,2.07,,,1.54,1.68,,2.09,1.23,1.72,1.84,1.4,2.59,4.23,,3.21,1.68,2.86,2.41,1.59,2.08,,2.62,2.23,,2,,2.34,,,,,,,,,,,,,,,,
L Midtoe Claw,,8.21,,,6.8,8.36,,9.51,,,7.37,7.4,6.78,6.77,5.77,7.31,6.56,7.5,6.53,7.22,9.21,,7.28,,,5.73,7.71,,6.15,5.89,10.97,7.22,7.05,11.45,16.34,,11.47,7.61,12.71,10.4,9.47,8.54,,9.18,8.6,,8.35,,10.56,,,,,,,,,,,,,,,,
L Hallux,,9.73,,,8.06,8.48,,9.14,,,12.45,9.54,7.95,6.93,7.57,8.46,7.31,8.17,8.03,10.23,8.9,,8.87,,,8.13,8.05,,9.06,7.17,9.74,9.89,9.5,16.27,22.71,,15.87,10.42,15.52,11.83,9.59,10.97,,10.12,17.61,,14.74,,12.63,,,,,,,,,,,,,,,,
W Hallux P1,,2.19,,,1.84,2.31,,3.04,,,1.99,1.31,1.62,1.78,1.94,2.52,1.87,1.75,1.74,2.73,2.98,,2.33,,,2.25,3.13,,2.19,2,2.29,NA,1.76,3.61,4.81,,3.74,2.35,4.26,2.67,2.9,2.28,,2.4,1.79,,1.88,,2.9,,,,,,,,,,,,,,,,
L Hallux Claw,,10.55,,,8.43,11.36,,11.47,,,10.63,9.82,10.2,7.33,7.46,8.87,7.26,8.24,7.29,8.53,9.17,,10.11,,,7.26,7.24,,8.69,6.12,10.61,8.05,9.19,13.62,19.36,,13.8,9.54,15.45,12.14,11.16,10.52,,12.25,13.87,,11.54,,12.28,,,,,,,,,,,,,,,,
Individual 3,,27593,,,,,,,,,13441,,30461,27741,11968,16013,21582,,44757,16490,16024,,15113,,,23258,16125,,16945,1597,16017,23919,,16769,11916,,16754,,11553,24146,,44485,,15039,24115,,12894,,28848,,,,,,,,,,,,,,,,
Sex,,M,,,,,,,,,M,,F,F,F,M,M,,M,F,M,,F,,,M,M,,M,M,M,M,,M,F,,F,,M,F,,F,,F,M,,M,,M,,,,,,,,,,,,,,,,
Mass (g),,NA,,,,,,,,,NA,,NA,NA,NA,NA,NA,,35.5,NA,NA,,NA,,,NA,NA,,NA,NA,NA,NA,,NA,NA,,NA,,NA,NA,,82.3,,NA,NA,,NA,,NA,,,,,,,,,,,,,,,,
L Tarsus,,27.98,,,,,,,,,25.77,,27.6,23.66,22.18,24.88,23.19,,22.54,26.43,27.72,,26.47,,,23.71,28.06,,23.32,20.28,29.91,25.51,,45.99,37.81,,28.86,,47.72,35.73,,32.77,,34.42,40.37,,36.41,,33.65,,,,,,,,,,,,,,,,
W Tarsus,,1.83,,,,,,,,,1.6,,1.84,1.54,1.78,2.15,1.54,,1.54,1.83,2.21,,1.92,,,1.54,1.89,,2.59,1.38,1.91,1.95,,2.93,2.85,,2.23,,3.06,2.34,,2.09,,2.95,2.38,,2.31,,2.26,,,,,,,,,,,,,,,,
D Tarsus,,3.17,,,,,,,,,2.8,,2.91,2.59,3.18,3.28,2.71,,2.77,3.46,4.06,,3.48,,,2.76,3.15,,2.96,2.13,3.64,2.99,,5.07,4.59,,4.45,,5.15,4.59,,3.72,,3.76,3.81,,4.25,,3.9,,,,,,,,,,,,,,,,
L Midtoe P1,,5.38,,,,,,,,,3.65,,6.17,3.83,3.84,3.82,3.74,,3.83,3.97,4.95,,3.78,,,2.91,4.76,,3.32,2.82,5.95,3.44,,8.62,5.92,,6.37,,8.48,6.36,,7.1,,4.58,5.9,,5.77,,4.75,,,,,,,,,,,,,,,,
L Midtoe P2,,5.95,,,,,,,,,6.41,,5.43,4.82,4.87,4.63,4.3,,4.54,5.16,6.36,,5.07,,,5.13,5.47,,4.05,4.16,6.95,5.7,,9.77,7.93,,6.87,,9.96,7.52,,7.32,,7.75,10.81,,9.5,,7.11,,,,,,,,,,,,,,,,
L Midtoe P3,,7.49,,,,,,,,,8.41,,6.31,6.41,7.04,7.55,6.98,,6.66,8.18,7.19,,7.9,,,7.28,7.62,,6.92,5.56,8.66,7.34,,12.86,12.2,,8.83,,14.04,10.54,,8.83,,7.68,10.3,,8.93,,8.32,,,,,,,,,,,,,,,,
L Midtoe,0,18.82,0,0,0,0,0,0,0,0,18.47,0,17.91,15.06,15.75,16,15.02,0,15.03,17.31,18.5,0,16.75,0,0,15.32,17.85,0,14.29,12.54,21.56,16.48,0,31.25,26.05,0,22.07,0,32.48,24.42,0,23.25,,20.01,27.01,0,24.2,0,20.18,0,,,,,,,,,,,,,,,
W Midtoe P1,,1.75,,,,,,,,,1.51,,1.38,1.55,1.51,1.81,1.34,,1.38,1.85,2.48,,2.05,,,1.79,1.55,,1.73,1.38,2.01,1.9,,2.73,2.76,,2.76,,2.21,2.2,,2.02,,2.68,2.39,,2.36,,2.26,,,,,,,,,,,,,,,,
L Midtoe Claw,,7.89,,,,,,,,,7.39,,6.17,6.45,6.08,7.15,6.51,,6.77,7.4,8.19,,6.07,,,6.64,7.29,,6.39,5.29,9.83,7.85,,12.94,11.49,,9.37,,12.96,9.83,,8.91,,8.46,9.75,,6.99,,10.86,,,,,,,,,,,,,,,,
L Hallux,,11.66,,,,,,,,,9.52,,7.71,9.95,7.43,9.02,8.01,,9.35,8.47,8.93,,8.74,,,10.07,8.86,,8.94,7.29,10.59,9.27,,12.72,13.94,,9.79,,16.02,12.43,,8.93,,11.04,17.21,,14.65,,13.98,,,,,,,,,,,,,,,,
W Hallux P1,,2.25,,,,,,,,,1.85,,1.72,1.76,2.06,2.11,1.6,,2.27,2.91,3.19,,1.9,,,2.11,2.57,,1.92,1.82,2.84,2.06,,3.65,4.25,,2.62,,3.51,3.21,,2.97,,2.25,1.99,,2.36,,2.21,,,,,,,,,,,,,,,,
L Hallux Claw,,9.51,,,,,,,,,11.15,,9.67,7.41,7.43,8.67,7.25,,7.37,8.27,8.97,,7.95,,,8.11,8.6,,7.53,5.73,11.16,8.99,,14.92,13.13,,11.2,,15.27,12.02,,11.12,,11.22,13.24,,11.83,,12.29,,,,,,,,,,,,,,,,
Individual 4,,27591,,,,,,,,,3210,,30462,23712,,36428,21581,,,5665,,,,,,23259,,,16949,1600,39052,36782,,16771,,,,,11544,24145,,57351,,15036,24116,,12893,,28824,,,,,,,,,,,,,,,,
Sex,,M,,,,,,,,,M,,F,F,,M,M,,,F,,,,,,M,,,M,M,F,M,,M,,,,,M,M,,F,,F,M,,M,,M,,,,,,,,,,,,,,,,
Mass (g),,NA,,,,,,,,,NA,,NA,NA,,NA,NA,,,NA,,,,,,NA,,,NA,NA,NA,54.7,,NA,,,,,NA,NA,,62.5,,NA,NA,,NA,,NA,,,,,,,,,,,,,,,,
L Tarsus,,29.45,,,,,,,,,27.32,,29.06,23.33,,24.44,23.37,,,27,,,,,,21.34,,,25.12,22,26.21,28.25,,46.4,,,,,47.8,50,,32.42,,31.73,38.27,,37.3,,34.45,,,,,,,,,,,,,,,,
W Tarsus,,1.87,,,,,,,,,1.44,,1.67,1.79,,2.09,1.36,,,2,,,,,,2.21,,,1.99,1.21,1.79,1.83,,2.83,,,,,2.76,3.16,,2.14,,2.54,2.42,,2.42,,2.2,,,,,,,,,,,,,,,,
D Tarsus,,3.6,,,,,,,,,2.8,,2.93,2.62,,3.05,2.39,,,3.23,,,,,,2.67,,,3.07,2.14,3.08,2.96,,5.04,,,,,4.85,5.82,,3.68,,3.59,3.81,,4.14,,4.14,,,,,,,,,,,,,,,,
L Midtoe P1,,4.83,,,,,,,,,4.84,,5.29,4.49,,2.89,2.92,,,4.47,,,,,,3.06,,,3.62,2.59,3.92,3.96,,7.83,,,,,8.57,6.82,,5.87,,4.36,5.85,,6.46,,5.66,,,,,,,,,,,,,,,,
L Midtoe P2,,5.98,,,,,,,,,7.5,,5.9,5.07,,4.33,4.58,,,5.15,,,,,,4.53,,,4.65,4.44,5.63,5.6,,8.89,,,,,9.71,10.19,,7.49,,7.3,10.08,,9.51,,7.5,,,,,,,,,,,,,,,,
L Midtoe P3,,8.65,,,,,,,,,8.16,,6.46,6.33,,6.88,6.29,,,7.63,,,,,,6.94,,,7.21,5.98,7.72,7.92,,12.9,,,,,13.3,13.82,,8.69,,7.83,11.19,,9.51,,10.04,,,,,,,,,,,,,,,,
L Midtoe,0,19.46,0,0,0,0,0,0,0,0,20.5,0,17.65,15.89,0,14.1,13.79,0,0,17.25,0,0,0,0,0,14.53,0,0,15.48,13.01,17.27,17.48,0,29.62,0,0,0,0,31.58,30.83,0,22.05,,19.49,27.12,0,25.48,0,23.2,0,,,,,,,,,,,,,,,
W Midtoe P1,,1.89,,,,,,,,,1.31,,1.54,1.7,,1.54,1.46,,,1.69,,,,,,1.7,,,1.87,1.7,1.65,1.79,,2.98,,,,,2.99,3.2,,1.66,,2.62,2.71,,2.25,,1.75,,,,,,,,,,,,,,,,
L Midtoe Claw,,9.28,,,,,,,,,8,,7.12,6.86,,7.23,6.01,,,7.73,,,,,,5.27,,,7.05,6.27,8.73,7.32,,11.62,,,,,12.43,12.96,,8.44,,6.87,9.43,,9.4,,10.67,,,,,,,,,,,,,,,,
L Hallux,,12.6,,,,,,,,,10.11,,7.22,9.41,,8.05,6.82,,,8.72,,,,,,7.38,,,9.37,8.11,9.72,8.55,,13.68,,,,,13.44,15.46,,11.51,,12.2,18,,14.27,,12.22,,,,,,,,,,,,,,,,
W Hallux P1,,2.82,,,,,,,,,2.2,,2.04,2.37,,1.86,1.59,,,2.57,,,,,,2.3,,,1.93,2.16,2.17,2.23,,3.14,,,,,4.08,3.76,,1.78,,2.58,2.16,,2.34,,2.51,,,,,,,,,,,,,,,,
L Hallux Claw,,11.96,,,,,,,,,13.17,,9.47,7.29,,8.2,7.24,,,8.59,,,,,,7.08,,,7.28,6.28,9.83,9.46,,13.86,,,,,16.27,15.38,,10.29,,11,14.24,,12.6,,12.62,,,,,,,,,,,,,,,,
Individual 5,,38381,,,,,,,,,26734,,30463,23711,,,21580,,,22588,,,,,,5076,,,16946,1601,39053,37679,,16773,,,,,11558,22594,,57355,,15037,24117,,13382,,28825,,,,,,,,,,,,,,,,
Sex,,M,,,,,,,,,M,,F,F,,,M,,,M,,,,,,F,,,F,M,F,M,,M,,,,,F,M,,F,,F,M,,M,,M,,,,,,,,,,,,,,,,
Mass (g),,NA,,,,,,,,,NA,,NA,NA,,,NA,,,NA,,,,,,NA,,,NA,NA,NA,NA,,NA,,,,,NA,NA,,67.7,,NA,NA,,NA,,NA,,,,,,,,,,,,,,,,
L Tarsus,,28.05,,,,,,,,,24.81,,27.48,23.39,,,21.89,,,25.4,,,,,,24.02,,,22.77,20.86,26.07,26.32,,42.37,,,,,36.72,48.33,,32.4,,35.72,42.96,,36.96,,34.59,,,,,,,,,,,,,,,,
W Tarsus,,1.73,,,,,,,,,1.58,,1.88,1.57,,,1.34,,,1.93,,,,,,2.1,,,1.96,1.36,1.9,2.25,,2.85,,,,,2.1,2.99,,2.11,,2.14,2.45,,2.53,,2.35,,,,,,,,,,,,,,,,
D Tarsus,,3.66,,,,,,,,,2.56,,3.37,3.02,,,2.5,,,3.53,,,,,,2.67,,,3.33,2.21,3.41,3,,4.73,,,,,4.38,6,,4.02,,3.9,3.76,,4.4,,3.9,,,,,,,,,,,,,,,,
L Midtoe P1,,5.02,,,,,,,,,4.6,,5.64,3.91,,,3.88,,,3.82,,,,,,3.16,,,2.97,2.89,4.5,3.59,,8.05,,,,,5.23,7.12,,5.49,,4.99,6.56,,6.24,,5.23,,,,,,,,,,,,,,,,
L Midtoe P2,,6.03,,,,,,,,,6.73,,5.64,4.49,,,5.14,,,4.99,,,,,,5.07,,,4.59,4.21,5.91,5.5,,9.69,,,,,7.96,9.57,,5.07,,7.32,10.77,,9.39,,7.59,,,,,,,,,,,,,,,,
L Midtoe P3,,7.94,,,,,,,,,7.96,,6.75,6.26,,,6.74,,,7.77,,,,,,6.93,,,6.9,6.17,7.59,7.72,,12.75,,,,,10.16,12.25,,10.27,,7.97,11.14,,9.39,,9.6,,,,,,,,,,,,,,,,
L Midtoe,0,18.99,0,0,0,0,0,0,0,0,19.29,0,18.03,14.66,0,0,15.76,0,0,16.58,0,0,0,0,0,15.16,0,0,14.46,13.27,18,16.81,0,30.49,0,0,0,0,23.35,28.94,0,20.83,,20.28,28.47,0,25.02,0,22.42,0,,,,,,,,,,,,,,,
W Midtoe P1,,1.9,,,,,,,,,1.46,,1.75,1.71,,,1.18,,,1.76,,,,,,1.71,,,1.91,1.58,1.93,1.72,,2.82,,,,,2.27,3.27,,2.12,,2.87,1.98,,3.03,,1.71,,,,,,,,,,,,,,,,
L Midtoe Claw,,8.91,,,,,,,,,9.2,,7.23,6.5,,,6.88,,,7.66,,,,,,6.51,,,6.15,5.79,7.69,6.6,,13.02,,,,,11.88,12.5,,9.34,,9.55,9,,7.56,,11.92,,,,,,,,,,,,,,,,
L Hallux,,9.17,,,,,,,,,11.32,,9.07,8.25,,,6.88,,,8.77,,,,,,7.71,,,8.65,9.08,7.58,9.16,,13.89,,,,,12.9,15.87,,10.1,,12.48,19.05,,13.57,,11.82,,,,,,,,,,,,,,,,
W Hallux P1,,2.54,,,,,,,,,1.64,,1.67,1.82,,,2.32,,,3.23,,,,,,1.85,,,2.02,2.36,2.39,1.55,,3.61,,,,,3,4.07,,3.03,,2.19,2.07,,2.41,,2.23,,,,,,,,,,,,,,,,
L Hallux Claw,,11.79,,,,,,,,,11.66,,9.94,7.29,,,7.47,,,8.38,,,,,,8.18,,,7.33,6.44,9.21,8,,14.35,,,,,13.13,15.66,,11.67,,12.39,13.61,,12.63,,12.48,,,,,,,,,,,,,,,,
Individual 6,,27592,,,,,,,,,14542,,32559,22761,,,21579,,,27730,,,,,,,,,16947,25096,,23920,,16772,,,,,11559,22595,,35041,,15040,24113,,38387,,28870,,,,,,,,,,,,,,,,
Sex,,F,,,,,,,,,F,,M,M,,,M,,,M,,,,,,,,,F,F,,F,,F,,,,,F,M,,M,,F,F,,F,,F,,,,,,,,,,,,,,,,
Mass (g),,NA,,,,,,,,,NA,,NA,NA,,,NA,,,NA,,,,,,,,,NA,NA,,NA,,NA,,,,,NA,NA,,109.1,,NA,NA,,NA,,NA,,,,,,,,,,,,,,,,
L Tarsus,,25.69,,,,,,,,,27.13,,31.18,22.65,,,21.64,,,25.56,,,,,,,,,23.5,21.1,,25.68,,38.6,,,,,38.34,49.06,,36.06,,34.77,39.82,,34.18,,28.28,,,,,,,,,,,,,,,,
W Tarsus,,1.56,,,,,,,,,1.5,,1.71,2.27,,,1.53,,,1.92,,,,,,,,,1.8,1.25,,1.73,,2.83,,,,,2.33,3.24,,2.2,,2.53,1.84,,2.52,,1.91,,,,,,,,,,,,,,,,
D Tarsus,,2.89,,,,,,,,,2.61,,3.11,2.92,,,2.35,,,3.38,,,,,,,,,3.35,2.2,,2.97,,3.93,,,,,4.03,6.44,,4.29,,3.97,3.42,,4.01,,3.12,,,,,,,,,,,,,,,,
L Midtoe P1,,4.85,,,,,,,,,5.05,,6.15,4.35,,,3.12,,,3.86,,,,,,,,,3.22,2.39,,3.06,,5.86,,,,,5.04,7.03,,5.27,,4.77,6.22,,4.73,,5.47,,,,,,,,,,,,,,,,
L Midtoe P2,,5.49,,,,,,,,,6.43,,6.15,5.41,,,4.72,,,5.03,,,,,,,,,4.47,4.08,,4.89,,7.94,,,,,8.23,7.52,,8.32,,6.75,9.89,,8.11,,4.45,,,,,,,,,,,,,,,,
L Midtoe P3,,6.7,,,,,,,,,7.23,,7.69,6.84,,,6.7,,,8.09,,,,,,,,,6.46,6.23,,6.6,,10.47,,,,,10.03,16.21,,10.19,,8.87,10.2,,8.75,,8.98,,,,,,,,,,,,,,,,
L Midtoe,0,17.04,0,0,0,0,0,0,0,0,18.71,0,19.99,16.6,0,0,14.54,0,0,16.98,0,0,0,0,0,0,0,0,14.15,12.7,0,14.55,0,24.27,0,0,0,0,23.3,30.76,0,23.78,,20.39,26.31,0,21.59,0,18.9,0,,,,,,,,,,,,,,,
W Midtoe P1,,1.71,,,,,,,,,1.4,,1.2,1.52,,,1.57,,,1.53,,,,,,,,,1.77,1.37,,1.81,,2.32,,,,,2.04,3.72,,1.87,,2.49,2.07,,3.49,,1.49,,,,,,,,,,,,,,,,
L Midtoe Claw,,7.23,,,,,,,,,8.6,,6.82,6.48,,,6.39,,,7.46,,,,,,,,,7.04,5.81,,9.4,,10.87,,,,,11,13.12,,9.05,,8.38,8.62,,8.8,,9.54,,,,,,,,,,,,,,,,
L Hallux,,9.72,,,,,,,,,9.58,,8.46,8.13,,,6.19,,,7.79,,,,,,,,,8.55,8.2,,10.83,,12.67,,,,,12.59,12.77,,11.99,,12.13,16.47,,14.87,,10.23,,,,,,,,,,,,,,,,
W Hallux P1,,2.7,,,,,,,,,1.6,,2.12,2.34,,,1.76,,,2.67,,,,,,,,,1.84,1.17,,2.26,,2.94,,,,,2.87,3.46,,2.04,,1.97,1.65,,2,,2.67,,,,,,,,,,,,,,,,
L Hallux Claw,,9.82,,,,,,,,,11.55,,9.15,7.66,,,7.33,,,8.26,,,,,,,,,7.69,5.66,,10.13,,12.89,,,,,13.23,15.12,,10.48,,10.89,12.35,,12.42,,11.02,,,,,,,,,,,,,,,,
Individual 7,,27594,,,,,,,,,14543,,32561,22762,,,21575,,,5664,,,,,,,,,16948,25097,,23921,,16774,,,,,7566,5654,,35074,,,37441,,42494,,28869,,,,,,,,,,,,,,,,
Sex,,F,,,,,,,,,F,,M,M,,,M,,,M,,,,,,,,,F,F,,F,,F,,,,,F,M,,M,,,F,,F,,F,,,,,,,,,,,,,,,,
Mass (g),,NA,,,,,,,,,NA,,NA,NA,,,NA,,,NA,,,,,,,,,NA,NA,,NA,,NA,,,,,NA,NA,,106.5,,,84.5,,NA,,NA,,,,,,,,,,,,,,,,
L Tarsus,,27.46,,,,,,,,,25.01,,31.27,23.67,,,20.95,,,26.83,,,,,,,,,24.15,21.53,,23.14,,39.52,,,,,39.39,48.05,,34.34,,,37.31,,34.65,,30.06,,,,,,,,,,,,,,,,
W Tarsus,,1.67,,,,,,,,,1.49,,1.81,1.48,,,1.34,,,1.97,,,,,,,,,2.21,1.47,,1.96,,2.55,,,,,2.76,2.86,,2.42,,,2.03,,2.12,,1.71,,,,,,,,,,,,,,,,
D Tarsus,,2.8,,,,,,,,,2.47,,3.13,2.85,,,2.16,,,3.53,,,,,,,,,3.5,2.14,,1.85,,4.26,,,,,4.13,4.84,,4.7,,,3.8,,3.41,,3.59,,,,,,,,,,,,,,,,
L Midtoe P1,,4.69,,,,,,,,,5.2,,5.95,4.32,,,3.51,,,3.39,,,,,,,,,3.34,2.54,,3.31,,6.54,,,,,4.87,8.05,,5.31,,,5.3,,6.01,,5.02,,,,,,,,,,,,,,,,
L Midtoe P2,,5.7,,,,,,,,,6.53,,5.99,4.93,,,4.38,,,5.1,,,,,,,,,5.38,3.92,,5.1,,8.76,,,,,7.96,10.28,,7.97,,,8.05,,8.05,,5.83,,,,,,,,,,,,,,,,
L Midtoe P3,,7.05,,,,,,,,,7.86,,7.94,7.11,,,6.48,,,7.39,,,,,,,,,6.76,4.87,,6.34,,9.34,,,,,11.01,13.22,,10.85,,,8.18,,9.27,,8.6,,,,,,,,,,,,,,,,
L Midtoe,0,17.44,0,0,0,0,0,0,0,0,19.59,0,19.88,16.36,0,0,14.37,0,0,15.88,0,0,0,0,0,0,0,0,15.48,11.33,0,14.75,0,24.64,0,0,0,0,23.84,31.55,0,24.13,,0,21.53,0,23.33,0,19.45,0,,,,,,,,,,,,,,,
W Midtoe P1,,1.57,,,,,,,,,1.57,,1.46,1.61,,,1.05,,,2.02,,,,,,,,,2.02,1.45,,1.58,,2.23,,,,,2.43,3.04,,2.4,,,2.33,,1.89,,1.76,,,,,,,,,,,,,,,,
L Midtoe Claw,,7.48,,,,,,,,,8.21,,7.57,6.97,,,5.85,,,8.22,,,,,,,,,6.44,6.38,,6.41,,11.5,,,,,9.83,13.37,,10.33,,,8.79,,6.24,,11.39,,,,,,,,,,,,,,,,
L Hallux,,10.21,,,,,,,,,7.54,,8.91,9.97,,,7.37,,,10.09,,,,,,,,,9.62,6.44,,10.39,,12.24,,,,,11.67,14.03,,12.19,,,13.54,,12.3,,10.28,,,,,,,,,,,,,,,,
W Hallux P1,,2.3,,,,,,,,,1.91,,1.84,2.21,,,1.61,,,2.88,,,,,,,,,2.35,1.48,,1.97,,3.54,,,,,3.03,4.19,,2.52,,,1.75,,1.82,,2.25,,,,,,,,,,,,,,,,
L Hallux Claw,,10.27,,,,,,,,,10.38,,11.64,7.69,,,7.24,,,9.43,,,,,,,,,8.46,6.79,,8.34,,13.17,,,,,12.75,15.43,,14.44,,,12.2,,10.28,,11.56,,,,,,,,,,,,,,,,
Individual 8,,13444,,,,,,,,,14544,,32528,23710,,,,,,,,,,,,,,,16950,5672,,36783,,,,,,,10107,38920,,48372,,,5679,,2689,,28868,,,,,,,,,,,,,,,,
Sex,,F,,,,,,,,,F,,M,M,,,,,,,,,,,,,,,F,F,,F,,,,,,,F,M,,M,,,F,,F,,F,,,,,,,,,,,,,,,,
Mass (g),,NA,,,,,,,,,NA,,NA,NA,,,,,,,,,,,,,,,NA,NA,,42.7,,,,,,,NA,238.79,,109.5,,,NA,,NA,,NA,,,,,,,,,,,,,,,,
L Tarsus,,25.24,,,,,,,,,26.19,,30.96,23.39,,,,,,,,,,,,,,,23.79,21.05,,25.05,,,,,,,39.25,49.79,,32.96,,,35.59,,35,,30.18,,,,,,,,,,,,,,,,
W Tarsus,,1.73,,,,,,,,,1.44,,1.75,2.09,,,,,,,,,,,,,,,2.83,1.13,,1.71,,,,,,,2.14,2.87,,2.36,,,2.16,,2.06,,1.72,,,,,,,,,,,,,,,,
D Tarsus,,2.89,,,,,,,,,2.37,,3.73,2.84,,,,,,,,,,,,,,,3.41,2.21,,2.58,,,,,,,4.15,5.11,,4.75,,,3.67,,3.6,,3.19,,,,,,,,,,,,,,,,
L Midtoe P1,,5.06,,,,,,,,,5.54,,6.03,3.91,,,,,,,,,,,,,,,2.81,2.21,,3.78,,,,,,,5.08,6.45,,4.74,,,5.31,,6.01,,4.74,,,,,,,,,,,,,,,,
L Midtoe P2,,6.08,,,,,,,,,6.69,,6.46,4.43,,,,,,,,,,,,,,,4.06,4.04,,5.05,,,,,,,9.21,10.09,,8.19,,,8.04,,9.25,,4.83,,,,,,,,,,,,,,,,
L Midtoe P3,,7.16,,,,,,,,,6.25,,7.84,7.36,,,,,,,,,,,,,,,7.12,5.31,,6.43,,,,,,,10.77,14.57,,8.43,,,8.34,,8.1,,9.64,,,,,,,,,,,,,,,,
L Midtoe,0,18.3,0,0,0,0,0,0,0,0,18.48,0,20.33,15.7,0,0,0,0,0,0,0,0,0,0,0,0,0,0,13.99,11.56,0,11.48,0,0,0,0,0,0,25.06,31.11,0,21.36,,0,21.69,0,23.36,0,19.21,0,,,,,,,,,,,,,,,
W Midtoe P1,,1.65,,,,,,,,,1.57,,1.58,1.86,,,,,,,,,,,,,,,1.98,1.19,,1.78,,,,,,,2.59,2.89,,2.63,,,2.12,,2.32,,1.71,,,,,,,,,,,,,,,,
L Midtoe Claw,,8.11,,,,,,,,,9.97,,7.49,6.88,,,,,,,,,,,,,,,6.58,5.5,,6.29,,,,,,,10.65,11.83,,7.04,,,7.2,,8,,9.85,,,,,,,,,,,,,,,,
L Hallux,,9.94,,,,,,,,,10.78,,10.2,8.23,,,,,,,,,,,,,,,9.61,6.52,,8.54,,,,,,,13.59,14.58,,11.84,,,13.71,,12.06,,9.81,,,,,,,,,,,,,,,,
W Hallux P1,,2.77,,,,,,,,,1.48,,2.12,3.28,,,,,,,,,,,,,,,1.87,1.17,,1.84,,,,,,,2.87,4.1,,2.75,,,1.6,,2.08,,2.55,,,,,,,,,,,,,,,,
L Hallux Claw,,9.35,,,,,,,,,11.42,,10,7.6,,,,,,,,,,,,,,,7.17,6.43,,8.62,,,,,,,14.06,14.22,,10.92,,,11.14,,12.32,,11.13,,,,,,,,,,,,,,,,
Individual 9,,13674,,,,,,,,,12276,,32524,46931,,,,,,,,,,,,,,,,,,39460,,,,,,,10108,,,43524,,,5680,,37442,,28850,,,,,,,,,,,,,,,,
Sex,,F,,,,,,,,,F,,M,M,,,,,,,,,,,,,,,,,,F,,,,,,,F,,,M,,,F,,F,,F,,,,,,,,,,,,,,,,
Mass (g),,NA,,,,,,,,,NA,,NA,35.9,,,,,,,,,,,,,,,,,,35.3,,,,,,,NA,,,101.2,,,NA,,86.5,,NA,,,,,,,,,,,,,,,,
L Tarsus,,25.45,,,,,,,,,25.75,,31.73,23.38,,,,,,,,,,,,,,,,,,22.55,,,,,,,38.28,,,33.8,,,40.66,,33.19,,30.1,,,,,,,,,,,,,,,,
W Tarsus,,1.56,,,,,,,,,1.3,,1.81,1.68,,,,,,,,,,,,,,,,,,1.82,,,,,,,2.2,,,2.49,,,2.5,,2.33,,2.05,,,,,,,,,,,,,,,,
D Tarsus,,2.81,,,,,,,,,2.36,,3.41,3.05,,,,,,,,,,,,,,,,,,2.97,,,,,,,4.1,,,4.48,,,3.9,,3.56,,3.07,,,,,,,,,,,,,,,,
L Midtoe P1,,6.02,,,,,,,,,4.87,,4.98,3.75,,,,,,,,,,,,,,,,,,3.29,,,,,,,5.05,,,4.68,,,5.49,,5.68,,4.81,,,,,,,,,,,,,,,,
L Midtoe P2,,6.48,,,,,,,,,6.4,,6.61,5.09,,,,,,,,,,,,,,,,,,4.79,,,,,,,8.11,,,6.79,,,9.99,,8.21,,4.79,,,,,,,,,,,,,,,,
L Midtoe P3,,6.15,,,,,,,,,7.26,,7.72,7.13,,,,,,,,,,,,,,,,,,6.11,,,,,,,9.33,,,9.67,,,10.76,,8.38,,8.88,,,,,,,,,,,,,,,,
L Midtoe,0,18.65,0,0,0,0,0,0,0,0,18.53,0,19.31,15.97,0,0,0,0,0,0,0,0,0,0,0,0,0,0,0,0,0,14.19,0,0,0,0,0,0,22.49,0,0,21.14,,0,26.24,0,22.27,0,18.48,0,,,,,,,,,,,,,,,
W Midtoe P1,,1.63,,,,,,,,,1.33,,1.59,1.9,,,,,,,,,,,,,,,,,,1.9,,,,,,,2.61,,,2.49,,,2.1,,2.05,,1.65,,,,,,,,,,,,,,,,
L Midtoe Claw,,8.31,,,,,,,,,8.83,,6.78,6.67,,,,,,,,,,,,,,,,,,5.91,,,,,,,10.86,,,8.1,,,8.1,,6.64,,8.5,,,,,,,,,,,,,,,,
L Hallux,,8.82,,,,,,,,,9.98,,9.03,10.19,,,,,,,,,,,,,,,,,,8.98,,,,,,,12.32,,,15.7,,,15.64,,13.92,,10.8,,,,,,,,,,,,,,,,
W Hallux P1,,2.73,,,,,,,,,1.69,,1.97,2.5,,,,,,,,,,,,,,,,,,2.21,,,,,,,2.89,,,2.61,,,2.13,,2.42,,2.21,,,,,,,,,,,,,,,,
L Hallux Claw,,9.12,,,,,,,,,10.98,,10.1,8.08,,,,,,,,,,,,,,,,,,8.47,,,,,,,13.1,,,10.51,,,14.25,,11.28,,9.23,,,,,,,,,,,,,,,,
Individual 10,,13685,,,,,,,,,27577,,32525,38591,,,,,,,,,,,,,,,,,,37304,,,,,,,,,,52351,,,24121,,37726,,28849,,,,,,,,,,,,,,,,
Sex,,F,,,,,,,,,F,,M,M,,,,,,,,,,,,,,,,,,F,,,,,,,,,,M,,,M,,F,,F,,,,,,,,,,,,,,,,
Mass (g),,NA,,,,,,,,,NA,,NA,37.9,,,,,,,,,,,,,,,,,,41.2,,,,,,,,,,115.7,,,NA,,85.5,,NA,,,,,,,,,,,,,,,,
L Tarsus,,26.77,,,,,,,,,24.67,,31.07,24.15,,,,,,,,,,,,,,,,,,25.44,,,,,,,,,,37.74,,,36.09,,34.57,,29.49,,,,,,,,,,,,,,,,
W Tarsus,,1.94,,,,,,,,,1.36,,1.73,1.63,,,,,,,,,,,,,,,,,,1.65,,,,,,,,,,2.34,,,2.53,,2.15,,1.64,,,,,,,,,,,,,,,,
D Tarsus,,3.11,,,,,,,,,2.43,,3.53,3.08,,,,,,,,,,,,,,,,,,2.62,,,,,,,,,,4.36,,,4.35,,3.97,,3.17,,,,,,,,,,,,,,,,
L Midtoe P1,,4.88,,,,,,,,,4.52,,6.77,3.71,,,,,,,,,,,,,,,,,,3.7,,,,,,,,,,5.03,,,5.19,,5.36,,4.91,,,,,,,,,,,,,,,,
L Midtoe P2,,5,,,,,,,,,6,,6.88,4.64,,,,,,,,,,,,,,,,,,4.96,,,,,,,,,,7.57,,,8.73,,8.27,,6.89,,,,,,,,,,,,,,,,
L Midtoe P3,,7.72,,,,,,,,,7.02,,8.31,7.72,,,,,,,,,,,,,,,,,,5.82,,,,,,,,,,9.88,,,9.5,,8.51,,8.21,,,,,,,,,,,,,,,,
L Midtoe,0,17.6,0,0,0,0,0,0,0,0,17.54,0,21.96,16.07,0,0,0,0,0,0,0,0,0,0,0,0,0,0,0,0,0,14.48,0,0,0,0,0,0,0,0,0,22.48,,0,23.42,0,22.14,0,20.01,0,,,,,,,,,,,,,,,
W Midtoe P1,,1.78,,,,,,,,,1.36,,1.8,1.51,,,,,,,,,,,,,,,,,,1.68,,,,,,,,,,2.6,,,2.49,,2.27,,1.66,,,,,,,,,,,,,,,,
L Midtoe Claw,,7.98,,,,,,,,,8.4,,7.32,6.1,,,,,,,,,,,,,,,,,,6.66,,,,,,,,,,9.39,,,8.07,,6.42,,8.74,,,,,,,,,,,,,,,,
L Hallux,,7.39,,,,,,,,,9.61,,8.76,6.82,,,,,,,,,,,,,,,,,,9.5,,,,,,,,,,11.15,,,18.28,,12.82,,10.65,,,,,,,,,,,,,,,,
W Hallux P1,,1.76,,,,,,,,,1.3,,2.18,2.27,,,,,,,,,,,,,,,,,,1.91,,,,,,,,,,3.16,,,2.05,,2.22,,2.84,,,,,,,,,,,,,,,,
L Hallux Claw,,10.16,,,,,,,,,11.08,,7.75,7.42,,,,,,,,,,,,,,,,,,8.12,,,,,,,,,,12.48,,,13.8,,10.73,,10.28,,,,,,,,,,,,,,,,
Measurer,KR,KR,KR,TI,TI,KR,KR,KR,,,TSI,KR,KR,KR,KR,TI,KR,KR,KR,KR,KR,,KR,,TI,TI,KR,,TI,TI,KR,TI,TI,KR,TI,,KR,KR,"KR: M, TI: F",KR,KR,"KR: F, TI: M",,TI,KR,,KR,KR,KR,KR,,,,,,,,,,,,,,,
Additional Notes,,,,,,,,,,,,,,,,,,,,,,,,,,,,,,,,,,,,,,,,,,,,,,,,,,,,,,,,,,,,,,,,,
