Species,Habitat Description,Habitat,Foraging Description,Foraging Score,Scratching,Locomotion,Singing Description,Singing Score,Nesting Description,Nesting Score,Total Score,Note,,,,,,,,,,,,,,,,,,,,,,,,,,,,,,,,,,,,,,,,,,,,,,,,,,,,,,,,
Agelaioides badius,,Woodland,"bare ground, also arboreal",3,NA,NA,NA,NA,"variable, including trees, vines, & cavities",5,,,,,,,,,,,,,,,,,,,,,,,,,,,,,,,,,,,,,,,,,,,,,,,,,,,,,,,,,,
Agelaius phoeniceus,,Wetland,"on ground, floating veg, occasionally flycatching",2,NA,Walk,exposed prominent perches,5,on ground up to 7 m depending on vegetation,3,,,,,,,,,,,,,,,,,,,,,,,,,,,,,,,,,,,,,,,,,,,,,,,,,,,,,,,,,,
Agelaius thilius,,Wetland,edge of water or nearby dry land,1,NA,NA,NA,NA,no more than 1m above ground or water,2,,,,,,,,,,,,,,,,,,,,,,,,,,,,,,,,,,,,,,,,,,,,,,,,,,,,,,,,,,
Agelaius tricolor,,Wetland,"on ground, floating veg, occasionally flycatching",2,NA,Walk,highest emergent perch or substrate,5,a few cm to 10 m above ground,3,,,,,,,,,,,,,,,,,,,,,,,,,,,,,,,,,,,,,,,,,,,,,,,,,,,,,,,,,,
Agelaius xanthomus,,Wetland,mostly mid to upper canopy,4,NA,Walk,"usually elevated perches, also ground",4,branches & cavities in mangroves,4,,,,,,,,,,,,,,,,,,,,,,,,,,,,,,,,,,,,,,,,,,,,,,,,,,,,,,,,,,
Agelasticus cyanopus,,Wetland,underside of floating plants & water surface,1,NA,NA,NA,NA,in marshes or flooded grasslands,2,,,,,,,,,,,,,,,,,,,,,,,,,,,,,,,,,,,,,,,,,,,,,,,,,,,,,,,,,,
Amblycercus holosericeus,,Forest,mostly in dense veg,5,NA,NA,NA,NA,"in trees, 1-6 m above ground",5,,,,,,,,,,,,,,,,,,,,,,,,,,,,,,,,,,,,,,,,,,,,,,,,,,,,,,,,,,
Amblyramphus holosericeus,,Wetland,from stems of marsh plants,4,NA,NA,NA,NA,1m above water in marsh plants,2,,,,,,,,,,,,,,,,,,,,,,,,,,,,,,,,,,,,,,,,,,,,,,,,,,,,,,,,,,
Cacicus cela,,Forest,"in trees, up to canopies",4,NA,NA,mostly shrubs or tree limbs,4,suspended from end of branch,5,,,,,,,,,,,,,,,,,,,,,,,,,,,,,,,,,,,,,,,,,,,,,,,,,,,,,,,,,,
Dolichonyx oryzivorus,tall or mixed-grass prairie,Grassland,"insects at mid-growth, seeds at top",4,NA,Walk,in flight and from perches,5,always on ground,1,,,,,,,,,,,,,,,,,,,,,,,,,,,,,,,,,,,,,,,,,,,,,,,,,,,,,,,,,,
Euphagus carolinus,,Forest,"mostly on ground, sometimes in trees",2,NA,Walk,conspicuous perches,5,0.5-6 m above ground,3,,,,,,,,,,,,,,,,,,,,,,,,,,,,,,,,,,,,,,,,,,,,,,,,,,,,,,,,,,
Euphagus cyanocephalus,,Generalist,"mostly on ground, occasionally on rigid perch",2,NA,Walk,every location used by birds,3,"extremely variable, ground & trees",3,,,,,,,,,,,,,,,,,,,,,,,,,,,,,,,,,,,,,,,,,,,,,,,,,,,,,,,,,,
Icterus bullockii,,Forest,mainly in tree canopy,5,NA,Hop,inconspicuous perch in trees,4,suspended from tall trees,5,,Hangs upside down,,,,,,,,,,,,,,,,,,,,,,,,,,,,,,,,,,,,,,,,,,,,,,,,,,,,,,,,
Icterus cayanensis,,Forest,"usually in canopy, lower veg and rarely ground",4,NA,NA,NA,NA,suspended 6 m above ground,5,,,,,,,,,,,,,,,,,,,,,,,,,,,,,,,,,,,,,,,,,,,,,,,,,,,,,,,,,,
Icterus chrysater,,Woodland,insects and fruits in veg,4,NA,NA,NA,NA,suspended 7 m above ground,5,,,,,,,,,,,,,,,,,,,,,,,,,,,,,,,,,,,,,,,,,,,,,,,,,,,,,,,,,,
Icterus croconotus,,Woodland,quite arboreal,4,NA,NA,NA,NA,uses oropendola nests,5,,,,,,,,,,,,,,,,,,,,,,,,,,,,,,,,,,,,,,,,,,,,,,,,,,,,,,,,,,
Icterus cucullatus,,Woodland,wide range of heights in veg,3,NA,Hop,mid to low elevation in veg,3,suspended from trees,5,,Hangs upside down,,,,,,,,,,,,,,,,,,,,,,,,,,,,,,,,,,,,,,,,,,,,,,,,,,,,,,,,
Icterus galbula,,Forest,"Usually high in trees, occasionally lower",4,NA,Hop,"usually in conspicuous perches, sometimes hidden",4,"usually high in trees, suspended",5,,Hangs upside down,,,,,,,,,,,,,,,,,,,,,,,,,,,,,,,,,,,,,,,,,,,,,,,,,,,,,,,,
Icterus graduacauda,,Forest,"gleaning foliage and twigs, occasionally on ground",3,NA,Hop,inconspicuous perch in trees,4,2-26m off ground in diversity of trees,5,,Hangs upside down,,,,,,,,,,,,,,,,,,,,,,,,,,,,,,,,,,,,,,,,,,,,,,,,,,,,,,,,
Icterus gularis,,Woodland,tops of trees to near ground,3,NA,NA,NA,NA,"emergent from canopy, 9m above ground",5,,,,,,,,,,,,,,,,,,,,,,,,,,,,,,,,,,,,,,,,,,,,,,,,,,,,,,,,,,
Icterus nigrogularis,,Woodland,NA,NA,NA,NA,NA,NA,often high in trees,5,,,,,,,,,,,,,,,,,,,,,,,,,,,,,,,,,,,,,,,,,,,,,,,,,,,,,,,,,,
Icterus parisorum,,Shrubland,"many meters above ground, low, or on ground",3,NA,Hop,conspicuous perch or in flight,5,1.5-3 meters above ground,5,,,,,,,,,,,,,,,,,,,,,,,,,,,,,,,,,,,,,,,,,,,,,,,,,,,,,,,,,,
Icterus pectoralis,,Woodland,gleans foliage and flowers,4,NA,NA,NA,NA,placed rather hight,5,,,,,,,,,,,,,,,,,,,,,,,,,,,,,,,,,,,,,,,,,,,,,,,,,,,,,,,,,,
Icterus portoricensis,,Forest,"mostly on trees, gleaning",4,NA,NA,NA,NA,"underside of palms, up to 4 meters",5,,,,,,,,,,,,,,,,,,,,,,,,,,,,,,,,,,,,,,,,,,,,,,,,,,,,,,,,,,
Icterus prosthemelas,,Forest,"gleaning foliage, sometimes upside down",4,NA,NA,NA,NA,underside of palms,5,,,,,,,,,,,,,,,,,,,,,,,,,,,,,,,,,,,,,,,,,,,,,,,,,,,,,,,,,,
Icterus pustulatus,,Woodland,"gleaning foliage, probing dead wood",4,NA,NA,NA,NA,rather high in bush or tree,5,,,,,,,,,,,,,,,,,,,,,,,,,,,,,,,,,,,,,,,,,,,,,,,,,,,,,,,,,,
Icterus spurius,,Woodland,0.2-10 meters above ground,3,NA,Hop,"inconspicuous perches, sometimes in flight",4,mean heights 3-11 meters,5,,,,,,,,,,,,,,,,,,,,,,,,,,,,,,,,,,,,,,,,,,,,,,,,,,,,,,,,,,
Leistes loyca,,Grassland,mostly on ground and low veg,2,NA,NA,usually from perch,4,very dense grass near ground,2,,,,,,,,,,,,,,,,,,,,,,,,,,,,,,,,,,,,,,,,,,,,,,,,,,,,,,,,,,
Leistes superciliaris,,Grassland,on or near ground,2,NA,NA,from perch or in flight,5,on ground in dense grass,1,,,,,,,,,,,,,,,,,,,,,,,,,,,,,,,,,,,,,,,,,,,,,,,,,,,,,,,,,,
Molothrus aeneus,,Generalist,usually on ground,2,NA,Walk,"perches, ground, in flight",3,brood parasite,Parasite,,,,,,,,,,,,,,,,,,,,,,,,,,,,,,,,,,,,,,,,,,,,,,,,,,,,,,,,,,
Molothrus ater,,Generalist,forages on ground,1,NA,Walk,exposed perches to ground,3,brood parasite,Parasite,,,,,,,,,,,,,,,,,,,,,,,,,,,,,,,,,,,,,,,,,,,,,,,,,,,,,,,,,,
Molothrus bonariensis,,Generalist,"most frequently on ground, up to canopies",3,NA,Walk,"perches, ground, in flight",3,brood parasite,Parasite,,,,,,,,,,,,,,,,,,,,,,,,,,,,,,,,,,,,,,,,,,,,,,,,,,,,,,,,,,
Molothrus oryzivorus,,Woodland,"usually on ground, sometimes foliage",2,NA,NA,NA,NA,brood parasite,Parasite,,,,,,,,,,,,,,,,,,,,,,,,,,,,,,,,,,,,,,,,,,,,,,,,,,,,,,,,,,
Psarocolius decumanus,,Forest,in trees in upper strata,4,NA,NA,prominent displays,5,suspended from tip of high branch,5,,,,,,,,,,,,,,,,,,,,,,,,,,,,,,,,,,,,,,,,,,,,,,,,,,,,,,,,,,
Psarocolius wagleri,,Forest,high in canopy,5,NA,NA,NA,NA,tips of branches in variety of trees,5,,,,,,,,,,,,,,,,,,,,,,,,,,,,,,,,,,,,,,,,,,,,,,,,,,,,,,,,,,
Quiscalus lugubris,,Generalist,mostly on ground,1,NA,NA,NA,NA,placed up to 15 m above ground,5,,,,,,,,,,,,,,,,,,,,,,,,,,,,,,,,,,,,,,,,,,,,,,,,,,,,,,,,,,
Quiscalus major,,Wetland,probing and picking on ground,1,NA,Walk,usually high or lower perches,3,high in salt marshes,5,,,,,,,,,,,,,,,,,,,,,,,,,,,,,,,,,,,,,,,,,,,,,,,,,,,,,,,,,,
Quiscalus mexicanus,,Generalist,"mostly on water, but also trees & shrubs",2,NA,Walk,"usually from top of tree or building, sometimes ground or flight",4,0.5-20 meters abvove ground,4,,,,,,,,,,,,,,,,,,,,,,,,,,,,,,,,,,,,,,,,,,,,,,,,,,,,,,,,,,
Quiscalus niger,,Generalist,"often probing on ground, also in trees",3,NA,Walk,NA,NA,5-16 meters above ground,5,,,,,,,,,,,,,,,,,,,,,,,,,,,,,,,,,,,,,,,,,,,,,,,,,,,,,,,,,,
Quiscalus quiscula,,Generalist,"mostly on ground, sometimes in trees",2,NA,Walk,variety of locations,3,means of 1.2-6.1 meters above ground,5,,,,,,,,,,,,,,,,,,,,,,,,,,,,,,,,,,,,,,,,,,,,,,,,,,,,,,,,,,
Sturnella lilianae,,Grassland,"on ground, probing soil",1,NA,Walk,higher perches,5,on ground below tall grass,1,,,,,,,,,,,,,,,,,,,,,,,,,,,,,,,,,,,,,,,,,,,,,,,,,,,,,,,,,,
Sturnella magna,,Grassland,almost entirely on ground,1,NA,Walk,prefer higher perches,5,on ground below tall grass,1,,,,,,,,,,,,,,,,,,,,,,,,,,,,,,,,,,,,,,,,,,,,,,,,,,,,,,,,,,
Sturnella neglecta,,Grassland,on ground in open areas,1,NA,Walk,highest perches,5,well concealed on ground,1,,,,,,,,,,,,,,,,,,,,,,,,,,,,,,,,,,,,,,,,,,,,,,,,,,,,,,,,,,
Xanthocephalus xanthocephalus,prairie wetlands,Wetland,at water surface or on ground,1,NA,Walk,"on stems, fences, or shrubs",5,"always above water, ~30cm",2,,,,,,,,,,,,,,,,,,,,,,,,,,,,,,,,,,,,,,,,,,,,,,,,,,,,,,,,,,
Xanthopsar flavus,,Grassland,probes for food in soil,1,NA,NA,NA,NA,up to 1m above ground,2,,,,,,,,,,,,,,,,,,,,,,,,,,,,,,,,,,,,,,,,,,,,,,,,,,,,,,,,,,
,,,,,,,,,,,,,,,,,,,,,,,,,,,,,,,,,,,,,,,,,,,,,,,,,,,,,,,,,,,,,,,,,,,,
,,,,,,,,,,,,,,,,,,,,,,,,,,,,,,,,,,,,,,,,,,,,,,,,,,,,,,,,,,,,,,,,,,,,
,,,,,,,,,,,,,,,,,,,,,,,,,,,,,,,,,,,,,,,,,,,,,,,,,,,,,,,,,,,,,,,,,,,,
,,,,,,,,,,,,,,,,,,,,,,,,,,,,,,,,,,,,,,,,,,,,,,,,,,,,,,,,,,,,,,,,,,,,
,,,,,,,,,,,,,,,,,,,,,,,,,,,,,,,,,,,,,,,,,,,,,,,,,,,,,,,,,,,,,,,,,,,,
,,,,,,,,,,,,,,,,,,,,,,,,,,,,,,,,,,,,,,,,,,,,,,,,,,,,,,,,,,,,,,,,,,,,
,,,,,,,,,,,,,,,,,,,,,,,,,,,,,,,,,,,,,,,,,,,,,,,,,,,,,,,,,,,,,,,,,,,,
,,,,,,,,,,,,,,,,,,,,,,,,,,,,,,,,,,,,,,,,,,,,,,,,,,,,,,,,,,,,,,,,,,,,
,,,,,,,,,,,,,,,,,,,,,,,,,,,,,,,,,,,,,,,,,,,,,,,,,,,,,,,,,,,,,,,,,,,,
,,,,,,,,,,,,,,,,,,,,,,,,,,,,,,,,,,,,,,,,,,,,,,,,,,,,,,,,,,,,,,,,,,,,
,,,,,,,,,,,,,,,,,,,,,,,,,,,,,,,,,,,,,,,,,,,,,,,,,,,,,,,,,,,,,,,,,,,,
,,,,,,,,,,,,,,,,,,,,,,,,,,,,,,,,,,,,,,,,,,,,,,,,,,,,,,,,,,,,,,,,,,,,
