"Species","SpecimenID","Sex","Mass (g)","L Tarsus","W Tarsus","D Tarsus","L Midtoe","W Midtoe P1","L Midtoe Claw","L Hallux","W Hallux P1","L Hallux Claw","Measurer"
"Agelaioides_badius","14908","M",NA,24.17,1.73,3.21,15.79,1.56,7.38,6.58,2.38,9.11,"KR"
"Agelaius_phoeniceus","27592","F",NA,25.69,1.56,2.89,17.04,1.71,7.23,9.72,2.7,9.82,"KR"
"Agelaius_phoeniceus","27594","F",NA,27.46,1.67,2.8,17.44,1.57,7.48,10.21,2.3,10.27,"KR"
"Agelaius_phoeniceus","13444","F",NA,25.24,1.73,2.89,18.3,1.65,8.11,9.94,2.77,9.35,"KR"
"Agelaius_phoeniceus","13674","F",NA,25.45,1.56,2.81,18.65,1.63,8.31,8.82,2.73,9.12,"KR"
"Agelaius_phoeniceus","13685","F",NA,26.77,1.94,3.11,17.6,1.78,7.98,7.39,1.76,10.16,"KR"
"Agelaius_phoeniceus","27598","M",NA,28.11,1.82,3.38,19.69,1.77,8.25,10.79,2.09,10.47,"KR"
"Agelaius_phoeniceus","13681","M",NA,28.85,1.85,3.47,18.82,1.71,8.21,9.73,2.19,10.55,"KR"
"Agelaius_phoeniceus","27593","M",NA,27.98,1.83,3.17,18.82,1.75,7.89,11.66,2.25,9.51,"KR"
"Agelaius_phoeniceus","27591","M",NA,29.45,1.87,3.6,19.46,1.89,9.28,12.6,2.82,11.96,"KR"
"Agelaius_phoeniceus","38381","M",NA,28.05,1.73,3.66,18.99,1.9,8.91,9.17,2.54,11.79,"KR"
"Agelaius_tricolor","35809","M",NA,28.02,1.74,3.5,18.49,2.02,7.36,10.73,2.68,9.29,"TI"
"Agelaius_xanthomus","16759","F",NA,23.84,1.52,2.84,15.3,1.59,6.8,8.06,1.84,8.43,"TI"
"Agelaius_xanthomus","16729","M",NA,25.1,1.54,2.97,15.74,1.76,6.82,7.48,1.82,8.47,"TI"
"Agelasticus_cyanopus","11944","F",NA,24.63,1.76,3.14,16.02,1.76,7.82,7.19,2.62,10.1,"KR"
"Agelasticus_cyanopus","11933","M",NA,29.1,1.96,3.08,17.48,1.63,8.36,8.48,2.31,11.36,"KR"
"Agelasticus_thilius","14911","M",NA,23.24,1.85,2.79,18.77,1.13,6.95,7.44,2.31,8.82,"KR"
"Amblycercus_holosericeus","16756","M",NA,32.77,2.48,3.78,19.78,1.98,8.8,14.76,2.63,11.74,"KR"
"Amblyramphus_holosericeus","11909","F",NA,29.6,2.48,3.83,20.34,1.93,9.51,9.14,3.04,11.47,"KR"
"Amblyramphus_holosericeus","14905","M",NA,29.26,1.89,3.77,22.07,2.42,8.58,9.35,3.98,11.83,"KR"
"Cacicus_cela","17124","M",NA,34.25,2.51,4.31,21.11,2.28,10.23,12.02,3.2,11.34,""
"Cacicus_cela","11930","M",NA,NA,NA,NA,0,NA,NA,NA,NA,NA,""
"Dolichonyx_oryzivorus","14542","F",NA,27.13,1.5,2.61,18.71,1.4,8.6,9.58,1.6,11.55,"TSI"
"Dolichonyx_oryzivorus","14543","F",NA,25.01,1.49,2.47,19.59,1.57,8.21,7.54,1.91,10.38,"TSI"
"Dolichonyx_oryzivorus","14544","F",NA,26.19,1.44,2.37,18.48,1.57,9.97,10.78,1.48,11.42,"TSI"
"Dolichonyx_oryzivorus","12276","F",NA,25.75,1.3,2.36,18.53,1.33,8.83,9.98,1.69,10.98,"TSI"
"Dolichonyx_oryzivorus","27577","F",NA,24.67,1.36,2.43,17.54,1.36,8.4,9.61,1.3,11.08,"TSI"
"Dolichonyx_oryzivorus","1319","M",NA,26.75,1.33,2.45,15,1.35,8.73,9.91,1.83,9.71,"TSI"
"Dolichonyx_oryzivorus","1320","M",NA,26.09,1.68,2.79,19.26,1.44,7.37,12.45,1.99,10.63,"TSI"
"Dolichonyx_oryzivorus","13441","M",NA,25.77,1.6,2.8,18.47,1.51,7.39,9.52,1.85,11.15,"TSI"
"Dolichonyx_oryzivorus","3210","M",NA,27.32,1.44,2.8,20.5,1.31,8,10.11,2.2,13.17,"TSI"
"Dolichonyx_oryzivorus","26734","M",NA,24.81,1.58,2.56,19.29,1.46,9.2,11.32,1.64,11.66,"TSI"
"Euphagus_carolinus","21948","M",NA,23.45,1.77,3.09,19.36,1.43,6.37,8.33,2.84,9.61,"KR"
"Euphagus_carolinus","22924","M",NA,30.45,1.71,2.58,22.08,1.38,7.4,9.54,1.31,9.82,"KR"
"Euphagus_cyanocephalus","32526","F",NA,29.27,1.56,3.31,19.78,1.43,6.49,8.77,2.11,9.22,"KR"
"Euphagus_cyanocephalus","32549","F",NA,28.73,1.55,2.86,19.51,1.54,6.78,7.95,1.62,10.2,"KR"
"Euphagus_cyanocephalus","30461","F",NA,27.6,1.84,2.91,17.91,1.38,6.17,7.71,1.72,9.67,"KR"
"Euphagus_cyanocephalus","30462","F",NA,29.06,1.67,2.93,17.65,1.54,7.12,7.22,2.04,9.47,"KR"
"Euphagus_cyanocephalus","30463","F",NA,27.48,1.88,3.37,18.03,1.75,7.23,9.07,1.67,9.94,"KR"
"Euphagus_cyanocephalus","32559","M",NA,31.18,1.71,3.11,19.99,1.2,6.82,8.46,2.12,9.15,"KR"
"Euphagus_cyanocephalus","32561","M",NA,31.27,1.81,3.13,19.88,1.46,7.57,8.91,1.84,11.64,"KR"
"Euphagus_cyanocephalus","32528","M",NA,30.96,1.75,3.73,20.33,1.58,7.49,10.2,2.12,10,"KR"
"Euphagus_cyanocephalus","32524","M",NA,31.73,1.81,3.41,19.31,1.59,6.78,9.03,1.97,10.1,"KR"
"Euphagus_cyanocephalus","32525","M",NA,31.07,1.73,3.53,21.96,1.8,7.32,8.76,2.18,7.75,"KR"
"Icterus_bullockii","21114","F",NA,23.89,1.7,3.1,15.25,1.72,6.13,7.05,2.7,7.04,"KR"
"Icterus_bullockii","37450","F",30,24.01,2.01,2.94,16.43,1.49,6.77,6.93,1.78,7.33,"KR"
"Icterus_bullockii","27741","F",NA,23.66,1.54,2.59,15.06,1.55,6.45,9.95,1.76,7.41,"KR"
"Icterus_bullockii","23712","F",NA,23.33,1.79,2.62,15.89,1.7,6.86,9.41,2.37,7.29,"KR"
"Icterus_bullockii","23711","F",NA,23.39,1.57,3.02,14.66,1.71,6.5,8.25,1.82,7.29,"KR"
"Icterus_bullockii","22761","M",NA,22.65,2.27,2.92,16.6,1.52,6.48,8.13,2.34,7.66,"KR"
"Icterus_bullockii","22762","M",NA,23.67,1.48,2.85,16.36,1.61,6.97,9.97,2.21,7.69,"KR"
"Icterus_bullockii","23710","M",NA,23.39,2.09,2.84,15.7,1.86,6.88,8.23,3.28,7.6,"KR"
"Icterus_bullockii","46931","M",35.9,23.38,1.68,3.05,15.97,1.9,6.67,10.19,2.5,8.08,"KR"
"Icterus_bullockii","38591","M",37.9,24.15,1.63,3.08,16.07,1.51,6.1,6.82,2.27,7.42,"KR"
"Icterus_cayanensis","11968","F",NA,22.18,1.78,3.18,15.75,1.51,6.08,7.43,2.06,7.43,"KR"
"Icterus_cayanensis","11967","M",NA,23.78,1.93,2.81,14.77,1.41,6.11,8.17,1.89,7.98,"KR"
"Icterus_cayanensis","11969","M",NA,24.82,1.74,3.16,15.49,1.43,5.77,7.57,1.94,7.46,"KR"
"Icterus_chrysater","16010","M",NA,24.78,2.11,3.4,15.5,2.01,5.36,8.85,1.9,8.63,"TI"
"Icterus_chrysater","16012","M",NA,25.82,2.29,3.43,15.61,1.89,7.31,8.46,2.52,8.87,"TI"
"Icterus_chrysater","16013","M",NA,24.88,2.15,3.28,16,1.81,7.15,9.02,2.11,8.67,"TI"
"Icterus_chrysater","36428","M",NA,24.44,2.09,3.05,14.1,1.54,7.23,8.05,1.86,8.2,"TI"
"Icterus_croconotus","15113","F",NA,26.47,1.92,3.48,16.75,2.05,6.07,8.74,1.9,7.95,"KR"
"Icterus_croconotus","15112","M",NA,28.43,2.53,3.03,17.15,2.23,7.23,9.24,2.32,9.61,"KR"
"Icterus_croconotus","15111","M",NA,25.75,2.22,3.97,18.46,2.07,7.28,8.87,2.33,10.11,"KR"
"Icterus_cucullatus","21578","F",NA,22.43,1.26,2.36,14.32,1.39,6.82,7.67,1.83,7.72,"KR"
"Icterus_cucullatus","21577","F",NA,22.33,1.39,2.58,13.5,1.4,6.56,7.31,1.87,7.26,"KR"
"Icterus_cucullatus","21582","M",NA,23.19,1.54,2.71,15.02,1.34,6.51,8.01,1.6,7.25,"KR"
"Icterus_cucullatus","21581","M",NA,23.37,1.36,2.39,13.79,1.46,6.01,6.82,1.59,7.24,"KR"
"Icterus_cucullatus","21580","M",NA,21.89,1.34,2.5,15.76,1.18,6.88,6.88,2.32,7.47,"KR"
"Icterus_cucullatus","21579","M",NA,21.64,1.53,2.35,14.54,1.57,6.39,6.19,1.76,7.33,"KR"
"Icterus_cucullatus","21575","M",NA,20.95,1.34,2.16,14.37,1.05,5.85,7.37,1.61,7.24,"KR"
"Icterus_galbula","44862","F",44,24.18,1.96,2.82,14.43,1.55,6.11,8.02,2.34,7.18,"KR"
"Icterus_galbula","4709","M",NA,22.03,1.53,2.8,13.8,1.42,6.53,8.03,1.74,7.29,"KR"
"Icterus_galbula","44757","M",35.5,22.54,1.54,2.77,15.03,1.38,6.77,9.35,2.27,7.37,"KR"
"Icterus_graduacauda","25870","F",NA,26.54,1.82,3.28,16.45,1.79,7.67,8.73,2.36,8.26,"KR"
"Icterus_graduacauda","24158","F",NA,25.54,1.74,3.45,17.1,1.89,7.22,10.23,2.73,8.53,"KR"
"Icterus_graduacauda","16490","F",NA,26.43,1.83,3.46,17.31,1.85,7.4,8.47,2.91,8.27,"KR"
"Icterus_graduacauda","5665","F",NA,27,2,3.23,17.25,1.69,7.73,8.72,2.57,8.59,"KR"
"Icterus_graduacauda","22588","M",NA,25.4,1.93,3.53,16.58,1.76,7.66,8.77,3.23,8.38,"KR"
"Icterus_graduacauda","27730","M",NA,25.56,1.92,3.38,16.98,1.53,7.46,7.79,2.67,8.26,"KR"
"Icterus_graduacauda","5664","M",NA,26.83,1.97,3.53,15.88,2.02,8.22,10.09,2.88,9.43,"KR"
"Icterus_gularis","16042","F",NA,27.36,1.95,3.97,19.42,2.09,9.21,8.9,2.98,9.17,"KR"
"Icterus_gularis","16040","M",NA,26.68,2.37,3.8,19.07,1.69,7.65,9.23,2.73,8.37,"KR"
"Icterus_gularis","16024","M",NA,27.72,2.21,4.06,18.5,2.48,8.19,8.93,3.19,8.97,"KR"
"Icterus_nigrogularis","156249","M",NA,25.09,1.88,3.19,15.19,1.82,7.1,9,2.25,7.34,"TI"
"Icterus_parisorum","5076","F",NA,24.02,2.1,2.67,15.16,1.71,6.51,7.71,1.85,8.18,"TI"
"Icterus_parisorum","5074","M",NA,26.72,2.43,3.07,14.96,1.88,5.99,8.24,2.15,7.8,"TI"
"Icterus_parisorum","23257","M",NA,21.28,1.68,2.53,14.68,1.54,5.73,8.13,2.25,7.26,"TI"
"Icterus_parisorum","23258","M",NA,23.71,1.54,2.76,15.32,1.79,6.64,10.07,2.11,8.11,"TI"
"Icterus_parisorum","23259","M",NA,21.34,2.21,2.67,14.53,1.7,5.27,7.38,2.3,7.08,"TI"
"Icterus_pectoralis","16022","M",NA,26.22,1.63,3.42,18.15,1.89,8.16,9.14,2.79,9.35,"KR"
"Icterus_pectoralis","16023","M",NA,28.38,1.67,3.15,16.96,1.68,7.71,8.05,3.13,7.24,"KR"
"Icterus_pectoralis","16125","M",NA,28.06,1.89,3.15,17.85,1.55,7.29,8.86,2.57,8.6,"KR"
"Icterus_portoricensis","16928","F",NA,21.13,1.51,2.44,15.39,1.55,5.96,8.82,2.42,8.2,"KR"
"Icterus_portoricensis","16927","F",NA,21.94,1.64,3.09,15.66,1.64,7.5,8.17,1.75,8.24,"KR"
"Icterus_prosthemelas","16926","F",NA,23.24,1.63,3.04,13.91,1.4,6.62,7.45,2.18,7.44,""
"Icterus_pustulatus","16946","F",NA,22.77,1.96,3.33,14.46,1.91,6.15,8.65,2.02,7.33,"TI"
"Icterus_pustulatus","16947","F",NA,23.5,1.8,3.35,14.15,1.77,7.04,8.55,1.84,7.69,"TI"
"Icterus_pustulatus","16948","F",NA,24.15,2.21,3.5,15.48,2.02,6.44,9.62,2.35,8.46,"TI"
"Icterus_pustulatus","16950","F",NA,23.79,2.83,3.41,13.99,1.98,6.58,9.61,1.87,7.17,"TI"
"Icterus_pustulatus","16943","M",NA,23.03,2.37,3.2,14.62,1.81,7.15,7.94,2.04,7.92,"TI"
"Icterus_pustulatus","16944","M",NA,25.18,2.01,3.57,14.1,2.09,6.15,9.06,2.19,8.69,"TI"
"Icterus_pustulatus","16945","M",NA,23.32,2.59,2.96,14.29,1.73,6.39,8.94,1.92,7.53,"TI"
"Icterus_pustulatus","16949","M",NA,25.12,1.99,3.07,15.48,1.87,7.05,9.37,1.93,7.28,"TI"
"Icterus_spurius","25096","F",NA,21.1,1.25,2.2,12.7,1.37,5.81,8.2,1.17,5.66,"TI"
"Icterus_spurius","25097","F",NA,21.53,1.47,2.14,11.33,1.45,6.38,6.44,1.48,6.79,"TI"
"Icterus_spurius","5672","F",NA,21.05,1.13,2.21,11.56,1.19,5.5,6.52,1.17,6.43,"TI"
"Icterus_spurius","2595","M",NA,22.13,1.27,2.14,13.42,1.18,6,7.12,1.58,6.35,"TI"
"Icterus_spurius","2594","M",NA,21.18,1.31,2.23,13.1,1.23,5.89,7.17,2,6.12,"TI"
"Icterus_spurius","1597","M",NA,20.28,1.38,2.13,12.54,1.38,5.29,7.29,1.82,5.73,"TI"
"Icterus_spurius","1600","M",NA,22,1.21,2.14,13.01,1.7,6.27,8.11,2.16,6.28,"TI"
"Icterus_spurius","1601","M",NA,20.86,1.36,2.21,13.27,1.58,5.79,9.08,2.36,6.44,"TI"
"Leistes_loyca","15039","F",NA,34.42,2.95,3.76,20.01,2.68,8.46,11.04,2.25,11.22,"TI"
"Leistes_loyca","15036","F",NA,31.73,2.54,3.59,19.49,2.62,6.87,12.2,2.58,11,"TI"
"Leistes_loyca","15037","F",NA,35.72,2.14,3.9,20.28,2.87,9.55,12.48,2.19,12.39,"TI"
"Leistes_loyca","15040","F",NA,34.77,2.53,3.97,20.39,2.49,8.38,12.13,1.97,10.89,"TI"
"Leistes_loyca","15038","M",NA,33.7,2.72,4.28,21.36,2.86,7.9,10.78,2.45,11.34,"TI"
"Leistes_loyca","15041","M",NA,34.32,2.27,3.88,19.96,2.62,9.18,10.12,2.4,12.25,"TI"
"Leistes_superciliaris","14903","M",NA,28.43,1.7,3.38,19.57,1.71,7.3,10.18,1.67,9.54,"KR"
"Molothrus_aeneus","39052","F",NA,26.21,1.79,3.08,17.27,1.65,8.73,9.72,2.17,9.83,"KR"
"Molothrus_aeneus","39053","F",NA,26.07,1.9,3.41,18,1.93,7.69,7.58,2.39,9.21,"KR"
"Molothrus_aeneus","16764","M",NA,33.73,1.9,3.54,21.93,1.6,8.92,10.12,2.59,8.62,"KR"
"Molothrus_aeneus","16766","M",NA,31.32,2.04,3.01,20.45,1.72,10.97,9.74,2.29,10.61,"KR"
"Molothrus_aeneus","16017","M",NA,29.91,1.91,3.64,21.56,2.01,9.83,10.59,2.84,11.16,"KR"
"Molothrus_ater","23920","F",NA,25.68,1.73,2.97,14.55,1.81,9.4,10.83,2.26,10.13,"TI"
"Molothrus_ater","23921","F",NA,23.14,1.96,1.85,14.75,1.58,6.41,10.39,1.97,8.34,"TI"
"Molothrus_ater","36783","F",42.7,25.05,1.71,2.58,11.48,1.78,6.29,8.54,1.84,8.62,"TI"
"Molothrus_ater","39460","F",35.3,22.55,1.82,2.97,14.19,1.9,5.91,8.98,2.21,8.47,"TI"
"Molothrus_ater","37304","F",41.2,25.44,1.65,2.62,14.48,1.68,6.66,9.5,1.91,8.12,"TI"
"Molothrus_ater","27608","M",NA,27.05,1.77,3.19,16.55,1.71,6.82,11.81,1.9,9.05,"TI"
"Molothrus_ater","35795","M",NA,25.77,1.76,2.91,15.46,1.84,7.22,9.89,NA,8.05,"TI"
"Molothrus_ater","23919","M",NA,25.51,1.95,2.99,16.48,1.9,7.85,9.27,2.06,8.99,"TI"
"Molothrus_ater","36782","M",54.7,28.25,1.83,2.96,17.48,1.79,7.32,8.55,2.23,9.46,"TI"
"Molothrus_ater","37679","M",NA,26.32,2.25,3,16.81,1.72,6.6,9.16,1.55,8,"TI"
"Molothrus_bonariensis","14906","F",NA,26.08,1.47,3,15.8,1.4,7.05,9.5,1.76,9.19,"TI"
"Molothrus_bonariensis","14902","M",NA,26.97,1.77,3.58,17.59,1.65,8.38,9.94,1.81,9.94,"TI"
"Molothrus_oryzivorus","16772","F",NA,38.6,2.83,3.93,24.27,2.32,10.87,12.67,2.94,12.89,"KR"
"Molothrus_oryzivorus","16774","F",NA,39.52,2.55,4.26,24.64,2.23,11.5,12.24,3.54,13.17,"KR"
"Molothrus_oryzivorus","16768","M",NA,48.08,3.14,5.23,30.6,2.92,11.69,14.57,4.33,13.55,"KR"
"Molothrus_oryzivorus","16767","M",NA,44.14,3,5.59,31.01,2.59,11.45,16.27,3.61,13.62,"KR"
"Molothrus_oryzivorus","16769","M",NA,45.99,2.93,5.07,31.25,2.73,12.94,12.72,3.65,14.92,"KR"
"Molothrus_oryzivorus","16771","M",NA,46.4,2.83,5.04,29.62,2.98,11.62,13.68,3.14,13.86,"KR"
"Molothrus_oryzivorus","16773","M",NA,42.37,2.85,4.73,30.49,2.82,13.02,13.89,3.61,14.35,"KR"
"Psarocolius_decumanus","11916","F",NA,37.81,2.85,4.59,26.05,2.76,11.49,13.94,4.25,13.13,"TI"
"Psarocolius_decumanus","11915","M",NA,46.39,3.77,5.66,32.83,3.73,13.43,19.22,4.32,16.11,"TI"
"Psarocolius_decumanus","16116","M",NA,49.59,4.61,6.94,36.2,4.23,16.34,22.71,4.81,19.36,"TI"
"Psarocolius_wagleri","16754","F",NA,28.86,2.23,4.45,22.07,2.76,9.37,9.79,2.62,11.2,"KR"
"Psarocolius_wagleri","16755","M",NA,37.02,2.57,5.01,26.19,2.99,11.24,12.99,3.81,14.05,"KR"
"Psarocolius_wagleri","16770","M",NA,40.49,2.94,4.94,26.06,3.21,11.47,15.87,3.74,13.8,"KR"
"Quiscalus_lugubris","15530","F",NA,28.72,2,3.02,20.11,1.89,8.16,8.74,2.17,9.76,"KR"
"Quiscalus_lugubris","15531","F",NA,27.25,1.83,3.04,19.2,1.68,7.61,10.42,2.35,9.54,"KR"
"Quiscalus_major","11558","F",NA,36.72,2.1,4.38,23.35,2.27,11.88,12.9,3,13.13,"KR: M, TI: F"
"Quiscalus_major","11559","F",NA,38.34,2.33,4.03,23.3,2.04,11,12.59,2.87,13.23,"KR: M, TI: F"
"Quiscalus_major","7566","F",NA,39.39,2.76,4.13,23.84,2.43,9.83,11.67,3.03,12.75,"KR: M, TI: F"
"Quiscalus_major","10107","F",NA,39.25,2.14,4.15,25.06,2.59,10.65,13.59,2.87,14.06,"KR: M, TI: F"
"Quiscalus_major","10108","F",NA,38.28,2.2,4.1,22.49,2.61,10.86,12.32,2.89,13.1,"KR: M, TI: F"
"Quiscalus_major","7125","M",NA,50.65,2.73,4.2,32.5,2.71,13.38,15.34,3.15,16.2,"KR: M, TI: F"
"Quiscalus_major","11551","M",NA,53.03,2.8,5.19,32.13,2.86,12.71,15.52,4.26,15.45,"KR: M, TI: F"
"Quiscalus_major","11553","M",NA,47.72,3.06,5.15,32.48,2.21,12.96,16.02,3.51,15.27,"KR: M, TI: F"
"Quiscalus_major","11544","M",NA,47.8,2.76,4.85,31.58,2.99,12.43,13.44,4.08,16.27,"KR: M, TI: F"
"Quiscalus_mexicanus","38921","F",NA,37.55,2.96,4.17,25.54,1.99,11.46,12.35,3.06,12.63,"KR"
"Quiscalus_mexicanus","5656","F",NA,39.93,2.37,4.24,25.95,2.41,10.4,11.83,2.67,12.14,"KR"
"Quiscalus_mexicanus","24146","F",NA,35.73,2.34,4.59,24.42,2.2,9.83,12.43,3.21,12.02,"KR"
"Quiscalus_mexicanus","24145","M",NA,50,3.16,5.82,30.83,3.2,12.96,15.46,3.76,15.38,"KR"
"Quiscalus_mexicanus","22594","M",NA,48.33,2.99,6,28.94,3.27,12.5,15.87,4.07,15.66,"KR"
"Quiscalus_mexicanus","22595","M",NA,49.06,3.24,6.44,30.76,3.72,13.12,12.77,3.46,15.12,"KR"
"Quiscalus_mexicanus","5654","M",NA,48.05,2.86,4.84,31.55,3.04,13.37,14.03,4.19,15.43,"KR"
"Quiscalus_mexicanus","38920","M",238.79,49.79,2.87,5.11,31.11,2.89,11.83,14.58,4.1,14.22,"KR"
"Quiscalus_niger","16762","M",NA,35.9,2.32,3.82,22.69,2.16,9.9,9.67,3.26,12.38,"KR"
"Quiscalus_niger","16763","M",NA,32.04,2.06,3.55,21.09,1.59,9.47,9.59,2.9,11.16,"KR"
"Quiscalus_quiscula","45648","F",87.5,33.11,2.11,4.05,22.88,2.06,9.5,10.66,3.13,11.45,"KR: F, TI: M"
"Quiscalus_quiscula","58027","F",63.5,31.45,2.25,3.82,21.39,2.08,8.54,10.97,2.28,10.52,"KR: F, TI: M"
"Quiscalus_quiscula","44485","F",82.3,32.77,2.09,3.72,23.25,2.02,8.91,8.93,2.97,11.12,"KR: F, TI: M"
"Quiscalus_quiscula","57351","F",62.5,32.42,2.14,3.68,22.05,1.66,8.44,11.51,1.78,10.29,"KR: F, TI: M"
"Quiscalus_quiscula","57355","F",67.7,32.4,2.11,4.02,20.83,2.12,9.34,10.1,3.03,11.67,"KR: F, TI: M"
"Quiscalus_quiscula","35041","M",109.1,36.06,2.2,4.29,23.78,1.87,9.05,11.99,2.04,10.48,"KR: F, TI: M"
"Quiscalus_quiscula","35074","M",106.5,34.34,2.42,4.7,24.13,2.4,10.33,12.19,2.52,14.44,"KR: F, TI: M"
"Quiscalus_quiscula","48372","M",109.5,32.96,2.36,4.75,21.36,2.63,7.04,11.84,2.75,10.92,"KR: F, TI: M"
"Quiscalus_quiscula","43524","M",101.2,33.8,2.49,4.48,21.14,2.49,8.1,15.7,2.61,10.51,"KR: F, TI: M"
"Quiscalus_quiscula","52351","M",115.7,37.74,2.34,4.36,22.48,2.6,9.39,11.15,3.16,12.48,"KR: F, TI: M"
"Sturnella_lilianae","24119","F",NA,36.85,1.99,3.59,24.23,2.01,8.22,14.28,1.93,12.76,""
"Sturnella_magna","24113","F",NA,39.82,1.84,3.42,26.31,2.07,8.62,16.47,1.65,12.35,"KR"
"Sturnella_magna","37441","F",84.5,37.31,2.03,3.8,21.53,2.33,8.79,13.54,1.75,12.2,"KR"
"Sturnella_magna","5679","F",NA,35.59,2.16,3.67,21.69,2.12,7.2,13.71,1.6,11.14,"KR"
"Sturnella_magna","5680","F",NA,40.66,2.5,3.9,26.24,2.1,8.1,15.64,2.13,14.25,"KR"
"Sturnella_magna","24112","M",NA,42.8,2.34,4.11,27.7,2.56,8.61,18.08,2.1,12.91,"KR"
"Sturnella_magna","24114","M",NA,41.98,2.44,3.75,27.1,2.23,8.6,17.61,1.79,13.87,"KR"
"Sturnella_magna","24115","M",NA,40.37,2.38,3.81,27.01,2.39,9.75,17.21,1.99,13.24,"KR"
"Sturnella_magna","24116","M",NA,38.27,2.42,3.81,27.12,2.71,9.43,18,2.16,14.24,"KR"
"Sturnella_magna","24117","M",NA,42.96,2.45,3.76,28.47,1.98,9,19.05,2.07,13.61,"KR"
"Sturnella_magna","24121","M",NA,36.09,2.53,4.35,23.42,2.49,8.07,18.28,2.05,13.8,"KR"
"Sturnella_neglecta","38387","F",NA,34.18,2.52,4.01,21.59,3.49,8.8,14.87,2,12.42,"KR"
"Sturnella_neglecta","42494","F",NA,34.65,2.12,3.41,23.33,1.89,6.24,12.3,1.82,10.28,"KR"
"Sturnella_neglecta","2689","F",NA,35,2.06,3.6,23.36,2.32,8,12.06,2.08,12.32,"KR"
"Sturnella_neglecta","37442","F",86.5,33.19,2.33,3.56,22.27,2.05,6.64,13.92,2.42,11.28,"KR"
"Sturnella_neglecta","37726","F",85.5,34.57,2.15,3.97,22.14,2.27,6.42,12.82,2.22,10.73,"KR"
"Sturnella_neglecta","13387","M",NA,36.89,2.29,3.96,24.31,2.33,7.76,14.11,2.17,12.85,"KR"
"Sturnella_neglecta","13388","M",NA,35.72,2.27,3.8,22.39,2,8.35,14.74,1.88,11.54,"KR"
"Sturnella_neglecta","12894","M",NA,36.41,2.31,4.25,24.2,2.36,6.99,14.65,2.36,11.83,"KR"
"Sturnella_neglecta","12893","M",NA,37.3,2.42,4.14,25.48,2.25,9.4,14.27,2.34,12.6,"KR"
"Sturnella_neglecta","13382","M",NA,36.96,2.53,4.4,25.02,3.03,7.56,13.57,2.41,12.63,"KR"
"Xanthocephalus_xanthocephalus","28870","F",NA,28.28,1.91,3.12,18.9,1.49,9.54,10.23,2.67,11.02,"KR"
"Xanthocephalus_xanthocephalus","28869","F",NA,30.06,1.71,3.59,19.45,1.76,11.39,10.28,2.25,11.56,"KR"
"Xanthocephalus_xanthocephalus","28868","F",NA,30.18,1.72,3.19,19.21,1.71,9.85,9.81,2.55,11.13,"KR"
"Xanthocephalus_xanthocephalus","28850","F",NA,30.1,2.05,3.07,18.48,1.65,8.5,10.8,2.21,9.23,"KR"
"Xanthocephalus_xanthocephalus","28849","F",NA,29.49,1.64,3.17,20.01,1.66,8.74,10.65,2.84,10.28,"KR"
"Xanthocephalus_xanthocephalus","28846","M",NA,33.3,2.17,3.7,22.5,2.12,11.49,14.22,2.77,13.2,"KR"
"Xanthocephalus_xanthocephalus","28847","M",NA,34.09,2.6,3.98,23.94,2.34,10.56,12.63,2.9,12.28,"KR"
"Xanthocephalus_xanthocephalus","28848","M",NA,33.65,2.26,3.9,20.18,2.26,10.86,13.98,2.21,12.29,"KR"
"Xanthocephalus_xanthocephalus","28824","M",NA,34.45,2.2,4.14,23.2,1.75,10.67,12.22,2.51,12.62,"KR"
"Xanthocephalus_xanthocephalus","28825","M",NA,34.59,2.35,3.9,22.42,1.71,11.92,11.82,2.23,12.48,"KR"
"Xanthopsar_flavus","14898","F",NA,24.13,1.5,2.73,17.76,1.81,7.84,8.52,1.71,10.97,"KR"
