"","PC1","PC2","PC3","PC4","PC5","PC6","PC7","PC8","PC9"
"L.Tarsus",0.340284299251871,0.193567687707473,0.0394741350763333,-0.152486629790119,0.234209060130475,-0.211147846867274,0.0476395231415517,0.488727223916289,-0.693805913572022
"W.Tarsus",0.317985551772158,-0.192594318025126,-0.468454677010523,-0.334201494701553,0.249253071707417,0.643411093408778,-0.228463954344004,0.0267026849687735,0.0404778131660342
"D.Tarsus",0.335320462439835,-0.165055839713004,-0.174537305573049,-0.284529882338603,0.133371587323316,-0.302194904375979,0.611979334973857,-0.514885778449744,-0.0126657192713347
"L.Midtoe",0.355246054581573,0.206984275036622,0.193347373342815,-0.132204087126712,0.388823683981119,-0.294501892604495,-0.13863596315842,0.264824336198115,0.669947417238326
"W.Midtoe.P1",0.347826131609351,-0.171840875704711,-0.475320313002678,0.105554081256705,-0.63552061405864,-0.337705567496954,-0.145434818963438,0.242147380626914,0.12123732865948
"L.Midtoe.Claw",0.308706916904257,0.044167280831588,0.500942461988912,-0.183114172064703,-0.471915097166448,0.436560505234729,0.390591057310058,0.201366852680435,0.108978087024523
"L.Hallux",0.344515045079524,0.417802866340111,-0.183791418702066,0.739469756601316,0.120245258849176,0.235328878367184,0.204204623617321,-0.120425368434967,0.0107210604261889
"W.Hallux.P1",0.300007139238134,-0.747821992372784,0.363795843494599,0.39087456720161,0.178589938267768,-0.0219080600381403,-0.155901307397635,-0.0281729227749185,-0.0903016097844639
"L.Hallux.Claw",0.345650595927921,0.300126733142496,0.261048039492226,-0.149502848748543,-0.202740195112237,-0.0538131724205464,-0.558640004038325,-0.557416744530236,-0.18210135487273
"pct.var",0.773315030454035,0.0892699666085806,0.0556496880075059,0.0236748639650889,0.0193301919678575,0.015737005716094,0.0103307401115858,0.00844167689295099,0.00425083627630161
