"Trait","Lambda","P.Lambda","K","P.K"
"L.Tarsus",0.734363777083483,0.000154201040798943,0.676397827060784,0.003
"W.Tarsus",0.807440248334433,0.00241848151762905,0.57082397904746,0.006
"D.Tarsus",0.651319459304366,0.00494760496025826,0.483359401570448,0.018
"L.Midtoe",0.738389195135621,6.64969881445158e-05,0.690558099510755,0.002
"W.Midtoe.P1",0.823954937809066,0.000729673572963445,0.595486989323495,0.009
"L.Midtoe.Claw",0.761825789564732,0.000168815938317671,0.688972319885238,0.001
"L.Hallux",0.966708708224247,2.35021115639732e-06,1.06861800302979,0.001
"W.Hallux.P1",0.677811661962124,0.0251038730805711,0.474409246644859,0.025
"L.Hallux.Claw",0.866764300587744,5.76863797084899e-07,1.02691643765791,0.001
"PC1",0.842992135046671,5.96614623716961e-05,0.746354362890906,0.001
"PC2",0.839307840220294,0.000207404850671064,0.787457448175656,0.001
"PC3",0.46340564603678,0.00889998384180696,0.356295825576297,0.152
